[{"model": "portal_admin.context", "fields": {"description": "", "help_email": "mh-help@chicagocollections.org", "name": "Chicago Collections Consortium", "naan": ""}, "pk": 1}, {"model": "portal_admin.context", "fields": {"description": "Testing qualified Dublin Core", "help_email": "kef@uic.edu", "name": "DPLA", "naan": ""}, "pk": 2}, {"model": "portal_admin.institution", "fields": {"facet_name": "Chicago Collections Consortium", "url": "http://chicagocollectionsconsortium.org/", "xtf_name": "chicollect", "full_name": "Chicago Collections Consortium"}, "pk": 1}, {"model": "portal_admin.institution", "fields": {"facet_name": "Art Institute", "url": "http://www.artic.edu/", "xtf_name": "artic", "full_name": "Art Institute of Chicago"}, "pk": 2}, {"model": "portal_admin.institution", "fields": {"facet_name": "Chicago History Museum", "url": "http://www.chicagohistory.org/", "xtf_name": "chicagohistory", "full_name": "Chicago History Museum"}, "pk": 3}, {"model": "portal_admin.institution", "fields": {"facet_name": "Chicago Public Library", "url": "http://www.chipublib.org/", "xtf_name": "chipublib", "full_name": "Chicago Public Library"}, "pk": 4}, {"model": "portal_admin.institution", "fields": {"facet_name": "Columbia College Chicago", "url": "http://colum.edu/", "xtf_name": "colum", "full_name": "Columbia College Chicago"}, "pk": 5}, {"model": "portal_admin.institution", "fields": {"facet_name": "DePaul University", "url": "http://depaul.edu/", "xtf_name": "depaul", "full_name": "DePaul University"}, "pk": 6}, {"model": "portal_admin.institution", "fields": {"facet_name": "Illinois Institute of Technology", "url": "http://iit.edu/", "xtf_name": "iit", "full_name": "Illinois Institute of Technology"}, "pk": 7}, {"model": "portal_admin.institution", "fields": {"facet_name": "Loyola University Chicago", "url": "http://www.luc.edu/", "xtf_name": "luc", "full_name": "Loyola University Chicago"}, "pk": 8}, {"model": "portal_admin.institution", "fields": {"facet_name": "Newberry Library", "url": "http://newberry.org", "xtf_name": "newberry", "full_name": "Newberry Library"}, "pk": 9}, {"model": "portal_admin.institution", "fields": {"facet_name": "Northern Illinois University", "url": "http://niu.edu", "xtf_name": "niu", "full_name": "Northern Illinois University"}, "pk": 10}, {"model": "portal_admin.institution", "fields": {"facet_name": "Northwestern University", "url": "http://northwestern.edu", "xtf_name": "northwestern", "full_name": "Northwestern University"}, "pk": 11}, {"model": "portal_admin.institution", "fields": {"facet_name": "Roosevelt University", "url": "http://roosevelt.edu/", "xtf_name": "roosevelt", "full_name": "Roosevelt University"}, "pk": 12}, {"model": "portal_admin.institution", "fields": {"facet_name": "University of Chicago", "url": "http://uchicago.edu/", "xtf_name": "uchicago", "full_name": "University of Chicago"}, "pk": 13}, {"model": "portal_admin.institution", "fields": {"facet_name": "University of Illinois at Chicago", "url": "http://uic.edu/", "xtf_name": "uic", "full_name": "University of Illinois at Chicago"}, "pk": 14}, {"model": "portal_admin.location", "fields": {"institution": 2, "email": "rbarchives@artic.edu", "name": "Ryerson & Burnham Archives", "web_contact_form": "", "street_address": "Allerton Building, Ryerson Library\r\n111 S. Michigan Avenue", "city": "Chicago", "state": "IL", "phone": "(312) 857-7676", "url": "http://www.artic.edu/research/archival-collections", "zipcode": "60603", "country": "United States"}, "pk": 1}, {"model": "portal_admin.location", "fields": {"institution": 3, "email": "Research@chicagohistory.org", "name": "Chicago History Museum Research Center", "web_contact_form": "", "street_address": "1601 N. Clark St.", "city": "Chicago", "state": "IL", "phone": "", "url": "http://www.chicagohistory.org/research", "zipcode": "60614", "country": "United States"}, "pk": 2}, {"model": "portal_admin.location", "fields": {"institution": 4, "email": "specoll@chipublib.org", "name": "Special Collections and Preservation Division", "web_contact_form": "", "street_address": "Harold Washington Library Center\r\n400 South State Street", "city": "Chicago", "state": "IL", "phone": "(312) 747-1941", "url": "http://www.chipublib.org/branch/details/library/harold-washington/p/Spc/", "zipcode": "60605", "country": "United States"}, "pk": 3}, {"model": "portal_admin.location", "fields": {"institution": 4, "email": "harshcollection@chipublib.org", "name": "Vivian G. Harsh Research Collection of Afro-American History and Literature", "web_contact_form": "", "street_address": "Woodson Regional Library\r\n9525 S. Halsted Street", "city": "Chicago", "state": "IL", "phone": "(312) 745-2080", "url": "http://www.chipublib.org/vivian-g-harsh-research-collection/", "zipcode": "60628", "country": "United States"}, "pk": 4}, {"model": "portal_admin.location", "fields": {"institution": 4, "email": "northsidehistory@chipublib.org", "name": "Northside Neighborhood History Collections", "web_contact_form": "", "street_address": "Sulzer Regional Library\r\n4455 North Lincoln Avenue", "city": "Chicago", "state": "IL", "phone": "(312) 742-4455", "url": "http://www.chipublib.org/northside-neighborhood-history-collection/", "zipcode": "60625", "country": "United States"}, "pk": 5}, {"model": "portal_admin.location", "fields": {"institution": 5, "email": "cbmrref@colum.edu", "name": "Center for Black Music Research", "web_contact_form": "", "street_address": "618 S. Michigan Avenue", "city": "Chicago", "state": "IL", "phone": "(312) 369-7559", "url": "http://www.colum.edu/CBMR/", "zipcode": "60605", "country": "United States"}, "pk": 6}, {"model": "portal_admin.location", "fields": {"institution": 5, "email": "cadc@colum.edu", "name": "College Archives", "web_contact_form": "", "street_address": "624 S. Michigan Avenue", "city": "Chicago", "state": "IL", "phone": "(312) 369-7120", "url": "http://colum.edu/archives", "zipcode": "60605", "country": "United States"}, "pk": 7}, {"model": "portal_admin.location", "fields": {"institution": 6, "email": "", "name": "Special Collections and Archives", "web_contact_form": "http://library.depaul.edu/Services/specialCollectionsEmail.aspx", "street_address": "John T Richardson Library, Room 314\r\n2350 N Kenmore Ave", "city": "Chicago", "state": "IL", "phone": "(773) 325-7864", "url": "http://library.depaul.edu/Collections/SpecialCollectionArchives.aspx", "zipcode": "60614", "country": "United States"}, "pk": 8}, {"model": "portal_admin.location", "fields": {"institution": 7, "email": "repository@iit.edu", "name": "Paul V. Galvin Library", "web_contact_form": "", "street_address": "Paul V. Galvin Library\r\n35 W. 33rd St.", "city": "Chicago", "state": "IL", "phone": "(312) 567-3616", "url": "http://library.iit.edu", "zipcode": "60610", "country": "United States"}, "pk": 9}, {"model": "portal_admin.location", "fields": {"institution": 7, "email": "archives@iit.edu", "name": "Illinois Institute of Technology Archives", "web_contact_form": "", "street_address": "Paul V. Galvin Library, Archives, lower level\r\n35 W. 33rd St.", "city": "Chicago", "state": "IL", "phone": "(312) 567-5993", "url": "http://archives.iit.edu", "zipcode": "60610", "country": "United States"}, "pk": 10}, {"model": "portal_admin.location", "fields": {"institution": 8, "email": "archive@luc.edu", "name": "Loyola University Chicago Archives & Special Collections", "web_contact_form": "", "street_address": "Cudahy Library, Room 218\r\n1032 W. Sheridan Road", "city": "Chicago", "state": "IL", "phone": "(773) 508-2661", "url": "http://www.luc.edu/archives/", "zipcode": "60660", "country": "United States"}, "pk": 11}, {"model": "portal_admin.location", "fields": {"institution": 8, "email": "archive@luc.edu", "name": "Loyola University Chicago Congressional Archives", "web_contact_form": "", "street_address": "Klarchek Information Commons, Room 302\r\n1032 W. Sheridan Road", "city": "Chicago", "state": "IL", "phone": "(773) 508-2392", "url": "http://www.luc.edu/archives/cpsa.shtml", "zipcode": "60660", "country": "United States"}, "pk": 12}, {"model": "portal_admin.location", "fields": {"institution": 8, "email": "archive@luc.edu", "name": "Mundelein College Archives", "web_contact_form": "", "street_address": "Piper Hall\r\n1032 W. Sheridan Road", "city": "Chicago", "state": "IL", "phone": "(773) 508-8837", "url": "http://www.luc.edu/wla/mcarchives.shtml", "zipcode": "60660", "country": "United States"}, "pk": 13}, {"model": "portal_admin.location", "fields": {"institution": 8, "email": "WLArchives@luc.edu", "name": "Women and Leadership Archives", "web_contact_form": "", "street_address": "Piper Hall\r\n1032 W. Sheridan Road", "city": "Chicago", "state": "IL", "phone": "(773) 508-8837", "url": "http://www.luc.edu/wla/index.shtml", "zipcode": "60660", "country": "United States"}, "pk": 14}, {"model": "portal_admin.location", "fields": {"institution": 9, "email": "reference@newberry.org", "name": "Roger and Julie Baskes Department of Special Collections", "web_contact_form": "", "street_address": "Newberry Library\r\n60 West Walton Street", "city": "Chicago", "state": "IL", "phone": "(312) 943-9090", "url": "http://mms.newberry.org", "zipcode": "60610", "country": "United States"}, "pk": 15}, {"model": "portal_admin.location", "fields": {"institution": 10, "email": "", "name": "Rare Books & Special Collections", "web_contact_form": "", "street_address": "Founders Library", "city": "DeKalb", "state": "IL", "phone": "", "url": "http://www.ulib.niu.edu/rarebooks/RareBooksIndex.cfm", "zipcode": "", "country": "United States"}, "pk": 16}, {"model": "portal_admin.location", "fields": {"institution": 10, "email": "", "name": "Regional History Center & University Archives", "web_contact_form": "", "street_address": "Founders Library", "city": "DeKalb", "state": "IL", "phone": "", "url": "http://www.ulib.niu.edu/reghist/RegionalHistory.cfm", "zipcode": "", "country": "United States"}, "pk": 17}, {"model": "portal_admin.location", "fields": {"institution": 11, "email": "rnsms@northwestern.edu", "name": "Galter Health Sciences Library Department of Special Collections", "web_contact_form": "", "street_address": "Montgomery Ward Building\r\n303 E. Chicago Avenue", "city": "Chicago", "state": "IL", "phone": "(312) 503-1913", "url": "http://www.galter.northwestern.edu/departments/Special-Collections", "zipcode": "60611", "country": "United States"}, "pk": 18}, {"model": "portal_admin.location", "fields": {"institution": 11, "email": "africana@northwestern.edu", "name": "Melville J. Herskovits Library of African Studies", "web_contact_form": "", "street_address": "University Library, Level 5, East Tower\r\n1970 Campus Drive", "city": "Evanston", "state": "IL", "phone": "(847) 467-3084", "url": "http://www.library.northwestern.edu/africana", "zipcode": "60208", "country": "United States"}, "pk": 19}, {"model": "portal_admin.location", "fields": {"institution": 11, "email": "musiclibrary@northwestern.edu", "name": "Northwestern University Music Library", "web_contact_form": "", "street_address": "Deering Library, Level 2\r\n1970 Campus Drive", "city": "Evanston", "state": "IL", "phone": "(847) 467-7574", "url": "http://www.library.northwestern.edu/music", "zipcode": "60208", "country": "United States"}, "pk": 20}, {"model": "portal_admin.location", "fields": {"institution": 11, "email": "special.collections@northwestern.edu", "name": "Charles Deering McCormick Library of Special Collections", "web_contact_form": "", "street_address": "Deering Library, Level 3\r\n1970 Campus Drive", "city": "Evanston", "state": "IL", "phone": "(847) 491-3635", "url": "http://www.library.northwestern.edu/spec", "zipcode": "60208", "country": "United States"}, "pk": 21}, {"model": "portal_admin.location", "fields": {"institution": 11, "email": "trans@northwestern.edu", "name": "Transportation Library", "web_contact_form": "", "street_address": "University Library, Level 5, East Tower\r\n1970 Campus Drive", "city": "Evanston", "state": "IL", "phone": "(847) 491-5273", "url": "http://www.library.northwestern.edu/trans", "zipcode": "60208", "country": "United States"}, "pk": 22}, {"model": "portal_admin.location", "fields": {"institution": 11, "email": "lawlib@law.northwestern.edu", "name": "Pritzker Legal Research Center", "web_contact_form": "", "street_address": "Levy Mayer Hall\r\n357 East Chicago Avenue", "city": "Chicago", "state": "IL", "phone": "(312) 503-5451", "url": "http://goldberg.law.northwestern.edu/index.htm", "zipcode": "60611", "country": "United States"}, "pk": 23}, {"model": "portal_admin.location", "fields": {"institution": 11, "email": "govinfo@northwestern.edu", "name": "Government and Geographic Information and Data Services", "web_contact_form": "", "street_address": "University Library\r\n1970 Campus Drive", "city": "Evanston", "state": "IL", "phone": "(847) 491-3130", "url": "http://libguides.northwestern.edu/Chicago", "zipcode": "60208", "country": "United States"}, "pk": 24}, {"model": "portal_admin.location", "fields": {"institution": 12, "email": "lmills@roosevelt.edu", "name": "Roosevelt University Archives", "web_contact_form": "", "street_address": "Murray-Green Library, Auditorium Building\r\n430 South Michigan Avenue", "city": "Chicago", "state": "IL", "phone": "(312) 341-2280", "url": "http://roosevelt.edu/Library/Locations/UniversityArchives.aspx", "zipcode": "60605", "country": "United States"}, "pk": 25}, {"model": "portal_admin.location", "fields": {"institution": 13, "email": "", "name": "Special Collections Research Center", "web_contact_form": "http://www.lib.uchicago.edu/e/ask/SCRC.html", "street_address": "Joseph Regenstein Library\r\n1100 E. 57th Street", "city": "Chicago", "state": "IL", "phone": "(773) 702-8705", "url": "http://www.lib.uchicago.edu/e/scrc/", "zipcode": "60637", "country": "United States"}, "pk": 26}, {"model": "portal_admin.location", "fields": {"institution": 14, "email": "", "name": "Daley Library Special Collections and University Archives", "web_contact_form": "http://library.uic.edu/home/about-us/contact-us", "street_address": "Daley Library, Room 3-330\r\n801 S. Morgan St.", "city": "Chicago", "state": "IL", "phone": "(312) 996-2742", "url": "http://library.uic.edu/home/collections/manuscripts-and-rare-books", "zipcode": "60607", "country": "United States"}, "pk": 27}, {"model": "portal_admin.location", "fields": {"institution": 14, "email": "", "name": "LHS-Chicago Special Collections and University Archives", "web_contact_form": "http://library.uic.edu/home/about-us/contact-us", "street_address": "Library of the Health Sciences, Room 320\r\n1750 W. Polk St.", "city": "Chicago", "state": "IL", "phone": "(312) 996-8977", "url": "http://library.uic.edu/home/collections/manuscripts-and-rare-books", "zipcode": "60612", "country": "United States"}, "pk": 28}, {"model": "portal_admin.location", "fields": {"institution": 11, "email": "archives@northwestern.edu", "name": "Northwestern University Archives", "web_contact_form": "", "street_address": "Deering Library, Room 110\r\n1970 Campus Drive", "city": "Evanston", "state": "IL", "phone": "(847) 491-3354", "url": "http://www.library.northwestern.edu/archives", "zipcode": "60208", "country": "United States"}, "pk": 29}, {"model": "portal_admin.location", "fields": {"institution": 1, "email": "", "name": "Chicago Collections Consortium", "web_contact_form": "", "street_address": "DePaul University\r\n2350 North Kenmore Avenue, 116D", "city": "Chicago", "state": "IL", "phone": "", "url": "http://chicagocollectionsconsortium.org", "zipcode": "60614-3210", "country": "United States"}, "pk": 30}, {"model": "portal_admin.location", "fields": {"institution": 1, "email": "", "name": "Location 2", "web_contact_form": "", "street_address": "DePaul University\r\n2350 North Kenmore Avenue, 116D", "city": "Chicago", "state": "IL", "phone": "", "url": "http://chicagocollections.org", "zipcode": "", "country": "United States"}, "pk": 31}, {"model": "portal_admin.institutioncontext", "fields": {"institution": 2, "main_contact_email": "", "use_auto_classify": true, "context": 1, "main_contact_phone": "", "member_type": "Governing", "main_contact_name": "", "google_snippet": ""}, "pk": 1}, {"model": "portal_admin.institutioncontext", "fields": {"institution": 3, "main_contact_email": "", "use_auto_classify": true, "context": 1, "main_contact_phone": "", "member_type": "Governing", "main_contact_name": "", "google_snippet": ""}, "pk": 2}, {"model": "portal_admin.institutioncontext", "fields": {"institution": 4, "main_contact_email": "", "use_auto_classify": true, "context": 1, "main_contact_phone": "", "member_type": "Governing", "main_contact_name": "", "google_snippet": ""}, "pk": 3}, {"model": "portal_admin.institutioncontext", "fields": {"institution": 5, "main_contact_email": "", "use_auto_classify": true, "context": 1, "main_contact_phone": "", "member_type": "Governing", "main_contact_name": "", "google_snippet": ""}, "pk": 4}, {"model": "portal_admin.institutioncontext", "fields": {"institution": 6, "main_contact_email": "", "use_auto_classify": true, "context": 1, "main_contact_phone": "", "member_type": "Governing", "main_contact_name": "", "google_snippet": ""}, "pk": 5}, {"model": "portal_admin.institutioncontext", "fields": {"institution": 7, "main_contact_email": "", "use_auto_classify": true, "context": 1, "main_contact_phone": "", "member_type": "Governing", "main_contact_name": "", "google_snippet": ""}, "pk": 6}, {"model": "portal_admin.institutioncontext", "fields": {"institution": 8, "main_contact_email": "", "use_auto_classify": true, "context": 1, "main_contact_phone": "", "member_type": "Governing", "main_contact_name": "", "google_snippet": ""}, "pk": 7}, {"model": "portal_admin.institutioncontext", "fields": {"institution": 9, "main_contact_email": "", "use_auto_classify": true, "context": 1, "main_contact_phone": "", "member_type": "Governing", "main_contact_name": "", "google_snippet": ""}, "pk": 8}, {"model": "portal_admin.institutioncontext", "fields": {"institution": 10, "main_contact_email": "", "use_auto_classify": true, "context": 1, "main_contact_phone": "", "member_type": "Participating", "main_contact_name": "", "google_snippet": ""}, "pk": 9}, {"model": "portal_admin.institutioncontext", "fields": {"institution": 11, "main_contact_email": "", "use_auto_classify": true, "context": 1, "main_contact_phone": "", "member_type": "Governing", "main_contact_name": "", "google_snippet": ""}, "pk": 10}, {"model": "portal_admin.institutioncontext", "fields": {"institution": 12, "main_contact_email": "", "use_auto_classify": true, "context": 1, "main_contact_phone": "", "member_type": "Governing", "main_contact_name": "", "google_snippet": ""}, "pk": 11}, {"model": "portal_admin.institutioncontext", "fields": {"institution": 13, "main_contact_email": "", "use_auto_classify": true, "context": 1, "main_contact_phone": "", "member_type": "Governing", "main_contact_name": "", "google_snippet": ""}, "pk": 12}, {"model": "portal_admin.institutioncontext", "fields": {"institution": 14, "main_contact_email": "", "use_auto_classify": true, "context": 1, "main_contact_phone": "", "member_type": "Governing", "main_contact_name": "", "google_snippet": ""}, "pk": 13}, {"model": "portal_admin.institutioncontext", "fields": {"institution": 1, "main_contact_email": "", "use_auto_classify": true, "context": 1, "main_contact_phone": "", "member_type": "Governing", "main_contact_name": "", "google_snippet": ""}, "pk": 14}, {"model": "portal_admin.institutioncontext", "fields": {"institution": 1, "main_contact_email": "", "use_auto_classify": true, "context": 2, "main_contact_phone": "", "member_type": "", "main_contact_name": "", "google_snippet": ""}, "pk": 15}, {"model": "portal_admin.institutioncontext", "fields": {"institution": 14, "main_contact_email": "", "use_auto_classify": true, "context": 2, "main_contact_phone": "", "member_type": "", "main_contact_name": "", "google_snippet": ""}, "pk": 16}, {"model": "portal_admin.profilefield", "fields": {"use_attribute_value_widget": false, "use_delimiter_widget": false, "use_attribute_widget": false, "attribute_widget_hint": "", "use_filename_widget": false, "source_label": "Source element", "dcxml_format": 1, "field_order": 0, "use_source_widget": true, "digobject_form": 1, "help_text": "This is the source for a 'browse by title' list and is what will show in a brief search results display.  You will have the option to edit titles for individual records as needed.", "use_instance_widget": false, "can_add_widget": false, "use_complex_widget": false, "use_instance_all": false, "attribute_value_hint": ""}, "pk": 1}, {"model": "portal_admin.profilefield", "fields": {"use_attribute_value_widget": false, "use_delimiter_widget": false, "use_attribute_widget": false, "attribute_widget_hint": "", "use_filename_widget": false, "source_label": "Source element", "dcxml_format": 1, "field_order": 0, "use_source_widget": true, "digobject_form": 5, "help_text": "The element that is the source for each object's title. ", "use_instance_widget": true, "can_add_widget": false, "use_complex_widget": false, "use_instance_all": false, "attribute_value_hint": ""}, "pk": 2}, {"model": "portal_admin.profilefield", "fields": {"use_attribute_value_widget": false, "use_delimiter_widget": false, "use_attribute_widget": false, "attribute_widget_hint": "", "use_filename_widget": false, "source_label": "Source element", "dcxml_format": 1, "field_order": 0, "use_source_widget": true, "digobject_form": 7, "help_text": "The element that is the source for each object's title. ", "use_instance_widget": false, "can_add_widget": false, "use_complex_widget": false, "use_instance_all": false, "attribute_value_hint": ""}, "pk": 3}, {"model": "portal_admin.profilefield", "fields": {"use_attribute_value_widget": true, "use_delimiter_widget": false, "use_attribute_widget": true, "attribute_widget_hint": "Example: publicid", "use_filename_widget": true, "source_label": "Source element", "dcxml_format": 13, "field_order": 4, "use_source_widget": false, "digobject_form": 1, "help_text": "You can either identify an element in the EAD file or use the filename to indicate the local identifier (.xml will not be included).  If you use and EAD element, this will likely be the <eadid>.  In some cases the value of the <eadid> is expressed inside an attribute such as \"publicid\".", "use_instance_widget": false, "can_add_widget": false, "use_complex_widget": false, "use_instance_all": false, "attribute_value_hint": "Example:ID"}, "pk": 4}, {"model": "portal_admin.profilefield", "fields": {"use_attribute_value_widget": false, "use_delimiter_widget": false, "use_attribute_widget": false, "attribute_widget_hint": "", "use_filename_widget": false, "source_label": "Source element", "dcxml_format": 2, "field_order": 1, "use_source_widget": true, "digobject_form": 1, "help_text": "This will be appended to the previous title elements.", "use_instance_widget": false, "can_add_widget": false, "use_complex_widget": false, "use_instance_all": false, "attribute_value_hint": ""}, "pk": 5}, {"model": "portal_admin.profilefield", "fields": {"use_attribute_value_widget": true, "use_delimiter_widget": false, "use_attribute_widget": true, "attribute_widget_hint": "Example: type", "use_filename_widget": false, "source_label": "Source element", "dcxml_format": 3, "field_order": 2, "use_source_widget": true, "digobject_form": 1, "help_text": "If your title should include a date or date range, specify the path to that EAD element here.  It will be appended to the Title (proper).  If your EAD file contains more than one element that indicates the date associated with a title, specify the attribute name to indicate which date to use. You may only choose one set of dates.", "use_instance_widget": false, "can_add_widget": false, "use_complex_widget": false, "use_instance_all": false, "attribute_value_hint": "Example: inclusive"}, "pk": 6}, {"model": "portal_admin.profilefield", "fields": {"use_attribute_value_widget": true, "use_delimiter_widget": false, "use_attribute_widget": true, "attribute_widget_hint": "Example: type", "use_filename_widget": false, "source_label": "Source element", "dcxml_format": 7, "field_order": 3, "use_source_widget": true, "digobject_form": 1, "help_text": "The source for a browse by date list in the public portal.  Use the attribute name entry box if you need to specify a date element with a particular attribute such as type=\"bulk\". You may only choose one set of dates.", "use_instance_widget": false, "can_add_widget": false, "use_complex_widget": false, "use_instance_all": false, "attribute_value_hint": "Example: bulk"}, "pk": 7}, {"model": "portal_admin.profilefield", "fields": {"use_attribute_value_widget": false, "use_delimiter_widget": false, "use_attribute_widget": false, "attribute_widget_hint": "", "use_filename_widget": false, "source_label": "Source element", "dcxml_format": 6, "field_order": 5, "use_source_widget": true, "digobject_form": 1, "help_text": "The source for a collection description.  This will show in a brief search results display.  If the description is very long, it will be truncated in the brief display.", "use_instance_widget": false, "can_add_widget": false, "use_complex_widget": false, "use_instance_all": false, "attribute_value_hint": ""}, "pk": 8}, {"model": "portal_admin.profilefield", "fields": {"use_attribute_value_widget": false, "use_delimiter_widget": false, "use_attribute_widget": false, "attribute_widget_hint": "", "use_filename_widget": false, "source_label": "Source element", "dcxml_format": 17, "field_order": 6, "use_source_widget": true, "digobject_form": 1, "help_text": "A source for a browse by name list. Identify element paths that provide personal, corporate and family name information.", "use_instance_widget": false, "can_add_widget": true, "use_complex_widget": false, "use_instance_all": false, "attribute_value_hint": ""}, "pk": 9}, {"model": "portal_admin.profilefield", "fields": {"use_attribute_value_widget": false, "use_delimiter_widget": false, "use_attribute_widget": false, "attribute_widget_hint": "", "use_filename_widget": false, "source_label": "Source element", "dcxml_format": 16, "field_order": 7, "use_source_widget": true, "digobject_form": 1, "help_text": "The source for subject terms.  Subjects will show in the full item display and will be searchable.", "use_instance_widget": false, "can_add_widget": true, "use_complex_widget": false, "use_instance_all": false, "attribute_value_hint": ""}, "pk": 10}, {"model": "portal_admin.profilefield", "fields": {"use_attribute_value_widget": false, "use_delimiter_widget": false, "use_attribute_widget": false, "attribute_widget_hint": "", "use_filename_widget": false, "source_label": "Source element", "dcxml_format": 15, "field_order": 8, "use_source_widget": true, "digobject_form": 1, "help_text": "The source for geographic data.  Identify only elements that always provide geographic information such as controlaccess/geogname.", "use_instance_widget": false, "can_add_widget": true, "use_complex_widget": false, "use_instance_all": false, "attribute_value_hint": ""}, "pk": 11}, {"model": "portal_admin.profilefield", "fields": {"use_attribute_value_widget": false, "use_delimiter_widget": false, "use_attribute_widget": false, "attribute_widget_hint": "", "use_filename_widget": false, "source_label": "Source element", "dcxml_format": 18, "field_order": 9, "use_source_widget": true, "digobject_form": 1, "help_text": "The source for genre information.  Identify only elements that always provide genre information such as controlaccess/genreform.", "use_instance_widget": false, "can_add_widget": true, "use_complex_widget": false, "use_instance_all": false, "attribute_value_hint": ""}, "pk": 12}, {"model": "portal_admin.profilefield", "fields": {"use_attribute_value_widget": false, "use_delimiter_widget": false, "use_attribute_widget": false, "attribute_widget_hint": "", "use_filename_widget": false, "source_label": "Source element", "dcxml_format": 13, "field_order": 3, "use_source_widget": true, "digobject_form": 5, "help_text": "This will allow you to look up objects by your own local identifier(s).", "use_instance_widget": true, "can_add_widget": true, "use_complex_widget": false, "use_instance_all": false, "attribute_value_hint": ""}, "pk": 13}, {"model": "portal_admin.profilefield", "fields": {"use_attribute_value_widget": false, "use_delimiter_widget": false, "use_attribute_widget": false, "attribute_widget_hint": "", "use_filename_widget": false, "source_label": "Source element", "dcxml_format": 2, "field_order": 1, "use_source_widget": true, "digobject_form": 5, "help_text": "This will be appended to the end of the title.  Example - Title: Subtitle", "use_instance_widget": true, "can_add_widget": false, "use_complex_widget": false, "use_instance_all": false, "attribute_value_hint": ""}, "pk": 14}, {"model": "portal_admin.profilefield", "fields": {"use_attribute_value_widget": false, "use_delimiter_widget": false, "use_attribute_widget": false, "attribute_widget_hint": "", "use_filename_widget": false, "source_label": "Source element", "dcxml_format": 4, "field_order": 9, "use_source_widget": false, "digobject_form": 5, "help_text": "If you have distinct digital collections, they will appear as public portal tags and you will be able to work with them in batches in the admin tool.  Note that long digital collection names will be truncated after 45 characters in the public display.  You can create a shorter name below if you wish.", "use_instance_widget": false, "can_add_widget": false, "use_complex_widget": true, "use_instance_all": false, "attribute_value_hint": ""}, "pk": 15}, {"model": "portal_admin.profilefield", "fields": {"use_attribute_value_widget": false, "use_delimiter_widget": false, "use_attribute_widget": false, "attribute_widget_hint": "", "use_filename_widget": false, "source_label": "Source element", "dcxml_format": 5, "field_order": 10, "use_source_widget": false, "digobject_form": 5, "help_text": "This is the home page URL for the entire digital collection, not for an individual image.", "use_instance_widget": false, "can_add_widget": false, "use_complex_widget": true, "use_instance_all": false, "attribute_value_hint": ""}, "pk": 16}, {"model": "portal_admin.profilefield", "fields": {"use_attribute_value_widget": false, "use_delimiter_widget": false, "use_attribute_widget": false, "attribute_widget_hint": "", "use_filename_widget": false, "source_label": "Source element", "dcxml_format": 6, "field_order": 4, "use_source_widget": true, "digobject_form": 5, "help_text": "The source for each object's description. This will show in a brief search resullts display.", "use_instance_widget": true, "can_add_widget": false, "use_complex_widget": false, "use_instance_all": false, "attribute_value_hint": ""}, "pk": 17}, {"model": "portal_admin.profilefield", "fields": {"use_attribute_value_widget": false, "use_delimiter_widget": false, "use_attribute_widget": false, "attribute_widget_hint": "", "use_filename_widget": false, "source_label": "Source element", "dcxml_format": 7, "field_order": 2, "use_source_widget": true, "digobject_form": 5, "help_text": "This will be the source by the Browse by Date facet. You may only choose one set of dates.", "use_instance_widget": true, "can_add_widget": false, "use_complex_widget": false, "use_instance_all": false, "attribute_value_hint": ""}, "pk": 18}, {"model": "portal_admin.profilefield", "fields": {"use_attribute_value_widget": false, "use_delimiter_widget": true, "use_attribute_widget": false, "attribute_widget_hint": "", "use_filename_widget": false, "source_label": "Source element", "dcxml_format": 17, "field_order": 5, "use_source_widget": true, "digobject_form": 5, "help_text": "A source for a browse by name list.   This may include personal, family and corporate names. There may be many different elements that contain names, such as <architect> or <photographer>.  You may indicate more than one name element.\r\n \r\nMake sure that this field is always used to express names.  For example, even though a name may appear as a subject, subjects will include far more than just names, so should not be indicated here.", "use_instance_widget": true, "can_add_widget": true, "use_complex_widget": false, "use_instance_all": true, "attribute_value_hint": ""}, "pk": 19}, {"model": "portal_admin.profilefield", "fields": {"use_attribute_value_widget": false, "use_delimiter_widget": true, "use_attribute_widget": false, "attribute_widget_hint": "", "use_filename_widget": false, "source_label": "Source element", "dcxml_format": 16, "field_order": 6, "use_source_widget": true, "digobject_form": 5, "help_text": "The source for subject terms.  These will be searchable and may be used to automatically apply tags in the public portal.", "use_instance_widget": true, "can_add_widget": true, "use_complex_widget": false, "use_instance_all": true, "attribute_value_hint": ""}, "pk": 20}, {"model": "portal_admin.profilefield", "fields": {"use_attribute_value_widget": false, "use_delimiter_widget": true, "use_attribute_widget": false, "attribute_widget_hint": "", "use_filename_widget": false, "source_label": "Source element", "dcxml_format": 15, "field_order": 7, "use_source_widget": true, "digobject_form": 5, "help_text": "These elements will be the source of map-based access to images as well as tags by neighborhood or city. \r\n \r\nMake sure that the fields you indicated are always used to express geographic coverage.  For example, even though a place may appear as a subject, subjects will include far more than just places, so should not be indicated here.", "use_instance_widget": true, "can_add_widget": true, "use_complex_widget": false, "use_instance_all": true, "attribute_value_hint": ""}, "pk": 21}, {"model": "portal_admin.profilefield", "fields": {"use_attribute_value_widget": false, "use_delimiter_widget": false, "use_attribute_widget": false, "attribute_widget_hint": "", "use_filename_widget": false, "source_label": "Source element", "dcxml_format": 11, "field_order": 8, "use_source_widget": false, "digobject_form": 5, "help_text": "If your image metadata contains an element that will connect the image records to an archival collection, specify that metadata element here.", "use_instance_widget": true, "can_add_widget": false, "use_complex_widget": true, "use_instance_all": false, "attribute_value_hint": ""}, "pk": 22}, {"model": "portal_admin.profilefield", "fields": {"use_attribute_value_widget": false, "use_delimiter_widget": false, "use_attribute_widget": false, "attribute_widget_hint": "", "use_filename_widget": false, "source_label": "Source element", "dcxml_format": 12, "field_order": 11, "use_source_widget": false, "digobject_form": 5, "help_text": "If your image metadata contains an element that has information about copyright, specify that metadata element here. If you do not have a rights statement in your metadata, you may type one here.", "use_instance_widget": false, "can_add_widget": false, "use_complex_widget": true, "use_instance_all": false, "attribute_value_hint": ""}, "pk": 23}, {"model": "portal_admin.profilefield", "fields": {"use_attribute_value_widget": false, "use_delimiter_widget": false, "use_attribute_widget": false, "attribute_widget_hint": "", "use_filename_widget": false, "source_label": "Source element", "dcxml_format": 2, "field_order": 1, "use_source_widget": true, "digobject_form": 7, "help_text": "This will be appended to the end of the title.  Example - Title: Subtitle", "use_instance_widget": true, "can_add_widget": false, "use_complex_widget": false, "use_instance_all": false, "attribute_value_hint": ""}, "pk": 24}, {"model": "portal_admin.profilefield", "fields": {"use_attribute_value_widget": false, "use_delimiter_widget": false, "use_attribute_widget": false, "attribute_widget_hint": "", "use_filename_widget": false, "source_label": "Source element", "dcxml_format": 7, "field_order": 2, "use_source_widget": true, "digobject_form": 7, "help_text": "This will be the source by the Browse by Date facet. You may only choose one set of dates.", "use_instance_widget": true, "can_add_widget": false, "use_complex_widget": false, "use_instance_all": false, "attribute_value_hint": ""}, "pk": 25}, {"model": "portal_admin.profilefield", "fields": {"use_attribute_value_widget": false, "use_delimiter_widget": false, "use_attribute_widget": false, "attribute_widget_hint": "", "use_filename_widget": false, "source_label": "Source element", "dcxml_format": 13, "field_order": 3, "use_source_widget": true, "digobject_form": 7, "help_text": "This will allow you to look up objects by your own local identifier(s).", "use_instance_widget": true, "can_add_widget": true, "use_complex_widget": false, "use_instance_all": false, "attribute_value_hint": ""}, "pk": 26}, {"model": "portal_admin.profilefield", "fields": {"use_attribute_value_widget": false, "use_delimiter_widget": false, "use_attribute_widget": false, "attribute_widget_hint": "", "use_filename_widget": false, "source_label": "Source element", "dcxml_format": 6, "field_order": 4, "use_source_widget": true, "digobject_form": 7, "help_text": "The source for each object's description. This will show in a brief search results display.", "use_instance_widget": true, "can_add_widget": false, "use_complex_widget": false, "use_instance_all": false, "attribute_value_hint": ""}, "pk": 27}, {"model": "portal_admin.profilefield", "fields": {"use_attribute_value_widget": false, "use_delimiter_widget": true, "use_attribute_widget": false, "attribute_widget_hint": "", "use_filename_widget": false, "source_label": "Source element", "dcxml_format": 17, "field_order": 5, "use_source_widget": true, "digobject_form": 7, "help_text": "A source for a browse by name list.   This may include personal, family and corporate names. There may be many different elements that contain names, such as <architect> or <photographer>.  You may indicate more than one name element.\r\n \r\nMake sure that this field is always used to express names.  For example, even though a name may appear as a subject, subjects will include far more than just names, so should not be indicated here.", "use_instance_widget": true, "can_add_widget": true, "use_complex_widget": false, "use_instance_all": true, "attribute_value_hint": ""}, "pk": 28}, {"model": "portal_admin.profilefield", "fields": {"use_attribute_value_widget": false, "use_delimiter_widget": true, "use_attribute_widget": false, "attribute_widget_hint": "", "use_filename_widget": false, "source_label": "Source element", "dcxml_format": 16, "field_order": 6, "use_source_widget": true, "digobject_form": 7, "help_text": "The source for subject terms.  These will be searchable and may be used to automatically apply tags in the public portal.", "use_instance_widget": true, "can_add_widget": true, "use_complex_widget": false, "use_instance_all": true, "attribute_value_hint": ""}, "pk": 29}, {"model": "portal_admin.profilefield", "fields": {"use_attribute_value_widget": false, "use_delimiter_widget": true, "use_attribute_widget": false, "attribute_widget_hint": "", "use_filename_widget": false, "source_label": "Source element", "dcxml_format": 15, "field_order": 7, "use_source_widget": true, "digobject_form": 7, "help_text": "These elements will be the source of map-based access to images as well as tags by neighborhood or city. \r\n \r\nMake sure that the fields you indicated are always used to express geographic coverage.  For example, even though a place may appear as a subject, subjects will include far more than just places, so should not be indicated here.", "use_instance_widget": true, "can_add_widget": true, "use_complex_widget": false, "use_instance_all": true, "attribute_value_hint": ""}, "pk": 30}, {"model": "portal_admin.profilefield", "fields": {"use_attribute_value_widget": false, "use_delimiter_widget": false, "use_attribute_widget": false, "attribute_widget_hint": "", "use_filename_widget": false, "source_label": "Source element", "dcxml_format": 11, "field_order": 8, "use_source_widget": false, "digobject_form": 7, "help_text": "If your image metadata contains an element that will connect the image records to an archival collection, specify that metadata element here.", "use_instance_widget": true, "can_add_widget": false, "use_complex_widget": true, "use_instance_all": false, "attribute_value_hint": ""}, "pk": 31}, {"model": "portal_admin.profilefield", "fields": {"use_attribute_value_widget": false, "use_delimiter_widget": false, "use_attribute_widget": false, "attribute_widget_hint": "", "use_filename_widget": false, "source_label": "Source element", "dcxml_format": 4, "field_order": 9, "use_source_widget": false, "digobject_form": 7, "help_text": "If you have distinct digital collections, they will appear as public portal tags and you will be able to work with them in batches in the admin tool.  Note that long digital collection names will be truncated after 45 characters in the public display.  You can create a shorter name below if you wish.", "use_instance_widget": false, "can_add_widget": false, "use_complex_widget": true, "use_instance_all": false, "attribute_value_hint": ""}, "pk": 32}, {"model": "portal_admin.profilefield", "fields": {"use_attribute_value_widget": false, "use_delimiter_widget": false, "use_attribute_widget": false, "attribute_widget_hint": "", "use_filename_widget": false, "source_label": "Source element", "dcxml_format": 5, "field_order": 10, "use_source_widget": false, "digobject_form": 7, "help_text": "This is the home page URL for the entire digital collection, not for an individual image.", "use_instance_widget": false, "can_add_widget": false, "use_complex_widget": true, "use_instance_all": false, "attribute_value_hint": ""}, "pk": 33}, {"model": "portal_admin.profilefield", "fields": {"use_attribute_value_widget": false, "use_delimiter_widget": false, "use_attribute_widget": false, "attribute_widget_hint": "", "use_filename_widget": false, "source_label": "Source element", "dcxml_format": 12, "field_order": 11, "use_source_widget": false, "digobject_form": 7, "help_text": "If your image metadata contains an element that has information about copyright, specify that metadata element here. If you do not have a rights statement in your metadata, you may type one here.", "use_instance_widget": false, "can_add_widget": false, "use_complex_widget": true, "use_instance_all": false, "attribute_value_hint": ""}, "pk": 34}, {"model": "portal_admin.profilefield", "fields": {"use_attribute_value_widget": false, "use_delimiter_widget": false, "use_attribute_widget": false, "attribute_widget_hint": "", "use_filename_widget": false, "source_label": "Source element", "dcxml_format": 1, "field_order": -1, "use_source_widget": true, "digobject_form": 2, "help_text": "", "use_instance_widget": false, "can_add_widget": false, "use_complex_widget": false, "use_instance_all": false, "attribute_value_hint": ""}, "pk": 35}, {"model": "portal_admin.profilefield", "fields": {"use_attribute_value_widget": false, "use_delimiter_widget": false, "use_attribute_widget": false, "attribute_widget_hint": "", "use_filename_widget": false, "source_label": "Source element", "dcxml_format": 12, "field_order": -1, "use_source_widget": false, "digobject_form": 2, "help_text": "", "use_instance_widget": false, "can_add_widget": false, "use_complex_widget": true, "use_instance_all": false, "attribute_value_hint": ""}, "pk": 36}, {"model": "portal_admin.profilefield", "fields": {"use_attribute_value_widget": false, "use_delimiter_widget": false, "use_attribute_widget": false, "attribute_widget_hint": "", "use_filename_widget": false, "source_label": "Source element", "dcxml_format": 6, "field_order": -1, "use_source_widget": true, "digobject_form": 2, "help_text": "", "use_instance_widget": true, "can_add_widget": false, "use_complex_widget": false, "use_instance_all": false, "attribute_value_hint": ""}, "pk": 37}, {"model": "portal_admin.profilefield", "fields": {"use_attribute_value_widget": false, "use_delimiter_widget": false, "use_attribute_widget": false, "attribute_widget_hint": "", "use_filename_widget": false, "source_label": "Source element", "dcxml_format": 7, "field_order": -1, "use_source_widget": true, "digobject_form": 2, "help_text": "", "use_instance_widget": true, "can_add_widget": false, "use_complex_widget": false, "use_instance_all": true, "attribute_value_hint": ""}, "pk": 38}, {"model": "portal_admin.profilefield", "fields": {"use_attribute_value_widget": false, "use_delimiter_widget": false, "use_attribute_widget": false, "attribute_widget_hint": "", "use_filename_widget": true, "source_label": "Source element", "dcxml_format": 13, "field_order": -1, "use_source_widget": true, "digobject_form": 2, "help_text": "", "use_instance_widget": false, "can_add_widget": false, "use_complex_widget": false, "use_instance_all": false, "attribute_value_hint": ""}, "pk": 39}, {"model": "portal_admin.profilefield", "fields": {"use_attribute_value_widget": false, "use_delimiter_widget": false, "use_attribute_widget": false, "attribute_widget_hint": "", "use_filename_widget": false, "source_label": "Source element", "dcxml_format": 15, "field_order": -1, "use_source_widget": true, "digobject_form": 2, "help_text": "", "use_instance_widget": false, "can_add_widget": true, "use_complex_widget": false, "use_instance_all": false, "attribute_value_hint": ""}, "pk": 40}, {"model": "portal_admin.profilefield", "fields": {"use_attribute_value_widget": true, "use_delimiter_widget": false, "use_attribute_widget": true, "attribute_widget_hint": "", "use_filename_widget": false, "source_label": "Source element", "dcxml_format": 2, "field_order": -1, "use_source_widget": true, "digobject_form": 2, "help_text": "", "use_instance_widget": false, "can_add_widget": false, "use_complex_widget": false, "use_instance_all": false, "attribute_value_hint": ""}, "pk": 41}, {"model": "portal_admin.profilefield", "fields": {"use_attribute_value_widget": false, "use_delimiter_widget": true, "use_attribute_widget": false, "attribute_widget_hint": "", "use_filename_widget": false, "source_label": "Source element", "dcxml_format": 16, "field_order": -1, "use_source_widget": true, "digobject_form": 2, "help_text": "", "use_instance_widget": false, "can_add_widget": false, "use_complex_widget": false, "use_instance_all": false, "attribute_value_hint": ""}, "pk": 42}, {"model": "portal_admin.profilefield", "fields": {"use_attribute_value_widget": false, "use_delimiter_widget": false, "use_attribute_widget": true, "attribute_widget_hint": "", "use_filename_widget": false, "source_label": "Source element", "dcxml_format": 17, "field_order": -1, "use_source_widget": true, "digobject_form": 2, "help_text": "", "use_instance_widget": false, "can_add_widget": false, "use_complex_widget": false, "use_instance_all": false, "attribute_value_hint": ""}, "pk": 43}, {"model": "portal_admin.profile", "fields": {"institution": 14, "name": "IDOT content dm images", "digobject_form": 5, "use_metadata_filename": false, "description": "This rule set is for images uploaded to content dm from the Illinois Department of Traffic photographic images collection.", "is_remote": false, "split_node": "record"}, "pk": 1}, {"model": "portal_admin.profile", "fields": {"institution": 13, "name": "Archival Photographic Files", "digobject_form": 7, "use_metadata_filename": true, "description": "This is the rule set for the Archival Photographic Files digital images.", "is_remote": false, "split_node": ""}, "pk": 2}, {"model": "portal_admin.profile", "fields": {"institution": 2, "name": "AIC EAD Finding Aids", "digobject_form": 1, "use_metadata_filename": false, "description": "Finding aids encoded in EAD from the Ryerson and Burnham Archives\r\n", "is_remote": false, "split_node": ""}, "pk": 3}, {"model": "portal_admin.profile", "fields": {"institution": 8, "name": "MARCXML", "digobject_form": 2, "use_metadata_filename": false, "description": "Default MARCXML", "is_remote": false, "split_node": ""}, "pk": 4}, {"model": "portal_admin.profile", "fields": {"institution": 14, "name": "UIC MARCXML", "digobject_form": 2, "use_metadata_filename": false, "description": "Special MARCXML for UIC as their identifier is in the 099 field.", "is_remote": false, "split_node": ""}, "pk": 5}, {"model": "portal_admin.profile", "fields": {"institution": 4, "name": "CPL MARCXML", "digobject_form": 2, "use_metadata_filename": false, "description": "Special MARCXML for CPL as their title is constructed from a combo of several different fields.", "is_remote": false, "split_node": ""}, "pk": 6}, {"model": "portal_admin.profile", "fields": {"institution": 13, "name": "APF images", "digobject_form": 7, "use_metadata_filename": true, "description": "This is the rule set for the Archival Photographic Files digital images.", "is_remote": false, "split_node": ""}, "pk": 7}, {"model": "portal_admin.profile", "fields": {"institution": 11, "name": "Northwestern VRA Core", "digobject_form": 5, "use_metadata_filename": false, "description": "VRA Core from Northwestern", "is_remote": false, "split_node": "work"}, "pk": 8}, {"model": "portal_admin.profile", "fields": {"institution": 8, "name": "PDF with MARCXML", "digobject_form": 4, "use_metadata_filename": false, "description": "PDF with MARCXML", "is_remote": false, "split_node": ""}, "pk": 9}, {"model": "portal_admin.profile", "fields": {"institution": 8, "name": "Loyola PDF with MARC", "digobject_form": 4, "use_metadata_filename": false, "description": "PDF & Marc from Loyola", "is_remote": false, "split_node": ""}, "pk": 10}, {"model": "portal_admin.profile", "fields": {"institution": 3, "name": "CHM EAD Finding Aids", "digobject_form": 1, "use_metadata_filename": false, "description": "EAD finding aids from CHM", "is_remote": false, "split_node": ""}, "pk": 14}, {"model": "portal_admin.profile", "fields": {"institution": 3, "name": "CHM MARCXML", "digobject_form": 2, "use_metadata_filename": false, "description": "MARCXML from CHM", "is_remote": false, "split_node": null}, "pk": 15}, {"model": "portal_admin.profile", "fields": {"institution": 12, "name": "Roosevelt Images", "digobject_form": 5, "use_metadata_filename": false, "description": "test", "is_remote": false, "split_node": "ead/archdesc/dsc/c01/did"}, "pk": 16}, {"model": "portal_admin.profile", "fields": {"institution": 6, "name": "DePaul University MARCXML", "digobject_form": 2, "use_metadata_filename": false, "description": "PDF with MARCXML from DePaul University", "is_remote": false, "split_node": ""}, "pk": 18}, {"model": "portal_admin.profile", "fields": {"institution": 1, "name": "Example EAD", "digobject_form": 1, "use_metadata_filename": false, "description": "example ead", "is_remote": false, "split_node": ""}, "pk": 24}, {"model": "portal_admin.profile", "fields": {"institution": 14, "name": "EAD", "digobject_form": 1, "use_metadata_filename": false, "description": "EAD made in Archivist Toolkit", "is_remote": false, "split_node": null}, "pk": 25}, {"model": "portal_admin.profile", "fields": {"institution": 14, "name": "Photographic Images of Change", "digobject_form": 7, "use_metadata_filename": false, "description": "Images from the Chicago Photographic Collection and the James Parker Collection that were digitized as part of a grant from NHPRC", "is_remote": false, "split_node": ""}, "pk": 26}, {"model": "portal_admin.profile", "fields": {"institution": 1, "name": "Example Image Collection", "digobject_form": 7, "use_metadata_filename": false, "description": "This is an example image collection", "is_remote": false, "split_node": ""}, "pk": 27}, {"model": "portal_admin.elementsource", "fields": {"instance_number": 0, "default_text": "", "profile": 1, "delimiter": "", "dcxml_format": 13, "use_filename": false, "xpath": "record/Identifier"}, "pk": 1}, {"model": "portal_admin.elementsource", "fields": {"instance_number": 0, "default_text": "", "profile": 1, "delimiter": "", "dcxml_format": 1, "use_filename": false, "xpath": "record/Title"}, "pk": 2}, {"model": "portal_admin.elementsource", "fields": {"instance_number": 0, "default_text": "", "profile": 1, "delimiter": "", "dcxml_format": 7, "use_filename": false, "xpath": "record/ISODate"}, "pk": 3}, {"model": "portal_admin.elementsource", "fields": {"instance_number": 0, "default_text": "", "profile": 1, "delimiter": "", "dcxml_format": 17, "use_filename": false, "xpath": "record/Creator"}, "pk": 4}, {"model": "portal_admin.elementsource", "fields": {"instance_number": 0, "default_text": "", "profile": 1, "delimiter": ";", "dcxml_format": 16, "use_filename": false, "xpath": "record/Subject"}, "pk": 5}, {"model": "portal_admin.elementsource", "fields": {"instance_number": 0, "default_text": "", "profile": 1, "delimiter": ";", "dcxml_format": 15, "use_filename": false, "xpath": "record/GeographicLocation"}, "pk": 6}, {"model": "portal_admin.elementsource", "fields": {"instance_number": 0, "default_text": "", "profile": 1, "delimiter": "", "dcxml_format": 15, "use_filename": false, "xpath": "record/Latitude"}, "pk": 7}, {"model": "portal_admin.elementsource", "fields": {"instance_number": 0, "default_text": "", "profile": 1, "delimiter": "", "dcxml_format": 15, "use_filename": false, "xpath": "record/Longitude"}, "pk": 8}, {"model": "portal_admin.elementsource", "fields": {"instance_number": 0, "default_text": "", "profile": 1, "delimiter": "", "dcxml_format": 11, "use_filename": false, "xpath": "record/Source"}, "pk": 9}, {"model": "portal_admin.elementsource", "fields": {"instance_number": 0, "default_text": "", "profile": 1, "delimiter": "", "dcxml_format": 12, "use_filename": false, "xpath": "record/Rights"}, "pk": 10}, {"model": "portal_admin.elementsource", "fields": {"instance_number": 0, "default_text": "", "profile": 2, "delimiter": "", "dcxml_format": 13, "use_filename": false, "xpath": "img/orig-identifierScanNumber"}, "pk": 11}, {"model": "portal_admin.elementsource", "fields": {"instance_number": 0, "default_text": "", "profile": 2, "delimiter": "", "dcxml_format": 13, "use_filename": false, "xpath": "img/orig-identiferBarcode"}, "pk": 12}, {"model": "portal_admin.elementsource", "fields": {"instance_number": 0, "default_text": "", "profile": 2, "delimiter": "", "dcxml_format": 1, "use_filename": false, "xpath": "img/orig-titleTypeName"}, "pk": 13}, {"model": "portal_admin.elementsource", "fields": {"instance_number": 0, "default_text": "", "profile": 2, "delimiter": "", "dcxml_format": 5, "use_filename": false, "xpath": "img/orig-titleName"}, "pk": 14}, {"model": "portal_admin.elementsource", "fields": {"instance_number": 0, "default_text": "", "profile": 2, "delimiter": "", "dcxml_format": 6, "use_filename": false, "xpath": "img/orig-description"}, "pk": 15}, {"model": "portal_admin.elementsource", "fields": {"instance_number": 0, "default_text": "", "profile": 2, "delimiter": "", "dcxml_format": 7, "use_filename": false, "xpath": "img/orig-datePhotographCreated"}, "pk": 16}, {"model": "portal_admin.elementsource", "fields": {"instance_number": 0, "default_text": "", "profile": 2, "delimiter": "", "dcxml_format": 17, "use_filename": false, "xpath": "img/orig-creatorPhotographer"}, "pk": 17}, {"model": "portal_admin.elementsource", "fields": {"instance_number": 0, "default_text": "", "profile": 2, "delimiter": "", "dcxml_format": 17, "use_filename": false, "xpath": "img/orig-creatorArchitect1"}, "pk": 18}, {"model": "portal_admin.elementsource", "fields": {"instance_number": 0, "default_text": "", "profile": 2, "delimiter": "", "dcxml_format": 17, "use_filename": false, "xpath": "img/orig-creatorLandscapeDesigner1"}, "pk": 19}, {"model": "portal_admin.elementsource", "fields": {"instance_number": 0, "default_text": "", "profile": 2, "delimiter": "", "dcxml_format": 16, "use_filename": false, "xpath": "img/orig-subject1"}, "pk": 20}, {"model": "portal_admin.elementsource", "fields": {"instance_number": 0, "default_text": "", "profile": 2, "delimiter": "", "dcxml_format": 16, "use_filename": false, "xpath": "img/orig-subject2"}, "pk": 21}, {"model": "portal_admin.elementsource", "fields": {"instance_number": 0, "default_text": "", "profile": 2, "delimiter": "", "dcxml_format": 16, "use_filename": false, "xpath": "img/orig-subject3"}, "pk": 22}, {"model": "portal_admin.elementsource", "fields": {"instance_number": 0, "default_text": "", "profile": 2, "delimiter": "", "dcxml_format": 16, "use_filename": false, "xpath": "img/orig-subject4"}, "pk": 23}, {"model": "portal_admin.elementsource", "fields": {"instance_number": 0, "default_text": "", "profile": 2, "delimiter": "", "dcxml_format": 16, "use_filename": false, "xpath": "img/orig-subject5"}, "pk": 24}, {"model": "portal_admin.elementsource", "fields": {"instance_number": 0, "default_text": "", "profile": 2, "delimiter": "", "dcxml_format": 15, "use_filename": false, "xpath": "img/orig-coverageSpatial2"}, "pk": 25}, {"model": "portal_admin.elementsource", "fields": {"instance_number": 0, "default_text": "", "profile": 2, "delimiter": "", "dcxml_format": 11, "use_filename": false, "xpath": "img/orig-source"}, "pk": 26}, {"model": "portal_admin.elementsource", "fields": {"instance_number": 0, "default_text": "", "profile": 2, "delimiter": "", "dcxml_format": 12, "use_filename": false, "xpath": "img/orig-noteCopyright"}, "pk": 27}, {"model": "portal_admin.elementsource", "fields": {"instance_number": 0, "default_text": "", "profile": 3, "delimiter": "", "dcxml_format": 1, "use_filename": false, "xpath": "ead/eadheader/filedesc/titlestmt/titleproper"}, "pk": 28}, {"model": "portal_admin.elementsource", "fields": {"instance_number": 0, "default_text": "", "profile": 3, "delimiter": "", "dcxml_format": 3, "use_filename": false, "xpath": "ead/eadheader/filedesc/titlestmt/titleproper/date[@type=\"inclusive\"]"}, "pk": 29}, {"model": "portal_admin.elementsource", "fields": {"instance_number": 0, "default_text": "", "profile": 3, "delimiter": "", "dcxml_format": 13, "use_filename": false, "xpath": "ead/eadheader/eadid/@publicid"}, "pk": 30}, {"model": "portal_admin.elementsource", "fields": {"instance_number": 0, "default_text": "", "profile": 3, "delimiter": "", "dcxml_format": 7, "use_filename": false, "xpath": "ead/eadheader/filedesc/titlestmt/titleproper/date[@type=\"inclusive\"]"}, "pk": 31}, {"model": "portal_admin.elementsource", "fields": {"instance_number": 0, "default_text": "", "profile": 3, "delimiter": "", "dcxml_format": 6, "use_filename": false, "xpath": "ead/archdesc/did/abstract"}, "pk": 32}, {"model": "portal_admin.elementsource", "fields": {"instance_number": 0, "default_text": "", "profile": 3, "delimiter": "", "dcxml_format": 17, "use_filename": false, "xpath": "ead/archdesc/controlaccess/p/persname"}, "pk": 33}, {"model": "portal_admin.elementsource", "fields": {"instance_number": 0, "default_text": "", "profile": 3, "delimiter": "", "dcxml_format": 17, "use_filename": false, "xpath": "ead/archdesc/controlaccess/p/corpname"}, "pk": 34}, {"model": "portal_admin.elementsource", "fields": {"instance_number": 0, "default_text": "", "profile": 3, "delimiter": "", "dcxml_format": 17, "use_filename": false, "xpath": "ead/archdesc/controlaccess/p/subject"}, "pk": 35}, {"model": "portal_admin.elementsource", "fields": {"instance_number": 0, "default_text": "", "profile": 4, "delimiter": "", "dcxml_format": 13, "use_filename": false, "xpath": "collection/record/controlfield[@tag=\"001\"]"}, "pk": 36}, {"model": "portal_admin.elementsource", "fields": {"instance_number": 0, "default_text": "", "profile": 4, "delimiter": "", "dcxml_format": 1, "use_filename": false, "xpath": "collection/record/datafield[@tag=\"245\"]/subfield[@code=\"a\"]"}, "pk": 37}, {"model": "portal_admin.elementsource", "fields": {"instance_number": 0, "default_text": "", "profile": 4, "delimiter": "", "dcxml_format": 7, "use_filename": false, "xpath": "collection/record/datafield[@tag=\"245\"]/subfield[@code=\"f\"]"}, "pk": 38}, {"model": "portal_admin.elementsource", "fields": {"instance_number": 0, "default_text": "", "profile": 4, "delimiter": "", "dcxml_format": 3, "use_filename": false, "xpath": "collection/record/datafield[@tag=\"245\"]/subfield[@code=\"f\"]"}, "pk": 39}, {"model": "portal_admin.elementsource", "fields": {"instance_number": 0, "default_text": "", "profile": 4, "delimiter": "", "dcxml_format": 17, "use_filename": false, "xpath": "collection/record/datafield[@tag=\"600\"]/subfield[@code=\"a\"]"}, "pk": 40}, {"model": "portal_admin.elementsource", "fields": {"instance_number": 0, "default_text": "", "profile": 4, "delimiter": "", "dcxml_format": 17, "use_filename": false, "xpath": "collection/record/datafield[@tag=\"610\"]/subfield[@code=\"a\"]"}, "pk": 41}, {"model": "portal_admin.elementsource", "fields": {"instance_number": 0, "default_text": "", "profile": 4, "delimiter": "", "dcxml_format": 17, "use_filename": false, "xpath": "collection/record/datafield[@tag=\"700\"]/subfield[@code=\"a\"]"}, "pk": 42}, {"model": "portal_admin.elementsource", "fields": {"instance_number": 0, "default_text": "", "profile": 4, "delimiter": "", "dcxml_format": 17, "use_filename": false, "xpath": "collection/record/datafield[@tag=\"710\"]/subfield[@code=\"a\"]"}, "pk": 43}, {"model": "portal_admin.elementsource", "fields": {"instance_number": 0, "default_text": "", "profile": 4, "delimiter": "", "dcxml_format": 16, "use_filename": false, "xpath": "collection/record/datafield[@tag=\"650\"]/subfield[@code=\"a\"]"}, "pk": 44}, {"model": "portal_admin.elementsource", "fields": {"instance_number": 0, "default_text": "", "profile": 4, "delimiter": "", "dcxml_format": 16, "use_filename": false, "xpath": "collection/record/datafield[@tag=\"650\"]/subfield[@code=\"b\"]"}, "pk": 45}, {"model": "portal_admin.elementsource", "fields": {"instance_number": 0, "default_text": "", "profile": 4, "delimiter": "", "dcxml_format": 15, "use_filename": false, "xpath": "collection/record/datafield[@tag=\"650\"]/subfield[@code=\"c\"]"}, "pk": 46}, {"model": "portal_admin.elementsource", "fields": {"instance_number": 0, "default_text": "", "profile": 4, "delimiter": "", "dcxml_format": 15, "use_filename": false, "xpath": "collection/record/datafield[@tag=\"650\"]/subfield[@code=\"c\"]"}, "pk": 47}, {"model": "portal_admin.elementsource", "fields": {"instance_number": 0, "default_text": "", "profile": 4, "delimiter": "", "dcxml_format": 15, "use_filename": false, "xpath": "collection/record/datafield[@tag=\"651\"]/subfield[@code=\"a\"]"}, "pk": 48}, {"model": "portal_admin.elementsource", "fields": {"instance_number": 0, "default_text": "", "profile": 4, "delimiter": "", "dcxml_format": 15, "use_filename": false, "xpath": "collection/record/datafield[@tag=\"651\"]/subfield[@code=\"a\"]"}, "pk": 49}, {"model": "portal_admin.elementsource", "fields": {"instance_number": 0, "default_text": "", "profile": 4, "delimiter": "", "dcxml_format": 6, "use_filename": false, "xpath": "collection/record/datafield[@tag=\"520\"]/subfield[@code=\"a\"]"}, "pk": 50}, {"model": "portal_admin.elementsource", "fields": {"instance_number": 0, "default_text": "", "profile": 4, "delimiter": "", "dcxml_format": 17, "use_filename": false, "xpath": "collection/record/datafield[@tag=\"100\"]/subfield[@code=\"a\"]"}, "pk": 51}, {"model": "portal_admin.elementsource", "fields": {"instance_number": 0, "default_text": "", "profile": 4, "delimiter": "", "dcxml_format": 17, "use_filename": false, "xpath": "collection/record/datafield[@tag=\"110\"]/subfield[@code=\"a\"]"}, "pk": 52}, {"model": "portal_admin.elementsource", "fields": {"instance_number": 0, "default_text": "", "profile": 5, "delimiter": "", "dcxml_format": 17, "use_filename": false, "xpath": "collection/record/datafield[@tag=\"600\"]/subfield[@code=\"a\"]"}, "pk": 53}, {"model": "portal_admin.elementsource", "fields": {"instance_number": 0, "default_text": "", "profile": 5, "delimiter": "", "dcxml_format": 17, "use_filename": false, "xpath": "collection/record/datafield[@tag=\"610\"]/subfield[@code=\"a\"]"}, "pk": 54}, {"model": "portal_admin.elementsource", "fields": {"instance_number": 0, "default_text": "", "profile": 5, "delimiter": "", "dcxml_format": 17, "use_filename": false, "xpath": "collection/record/datafield[@tag=\"100\"]/subfield[@code=\"a\"]"}, "pk": 55}, {"model": "portal_admin.elementsource", "fields": {"instance_number": 0, "default_text": "", "profile": 5, "delimiter": "", "dcxml_format": 17, "use_filename": false, "xpath": "collection/record/datafield[@tag=\"110\"]/subfield[@code=\"a\"]"}, "pk": 56}, {"model": "portal_admin.elementsource", "fields": {"instance_number": 0, "default_text": "", "profile": 5, "delimiter": "", "dcxml_format": 17, "use_filename": false, "xpath": "collection/record/datafield[@tag=\"700\"]/subfield[@code=\"a\"]"}, "pk": 57}, {"model": "portal_admin.elementsource", "fields": {"instance_number": 0, "default_text": "", "profile": 5, "delimiter": "", "dcxml_format": 17, "use_filename": false, "xpath": "collection/record/datafield[@tag=\"710\"]/subfield[@code=\"a\"]"}, "pk": 58}, {"model": "portal_admin.elementsource", "fields": {"instance_number": 0, "default_text": "", "profile": 5, "delimiter": "", "dcxml_format": 13, "use_filename": false, "xpath": "collection/record/datafield[@tag=\"099\"]/subfield[@code=\"a\"]"}, "pk": 59}, {"model": "portal_admin.elementsource", "fields": {"instance_number": 0, "default_text": "", "profile": 5, "delimiter": "", "dcxml_format": 1, "use_filename": false, "xpath": "collection/record/datafield[@tag=\"245\"]/subfield[@code=\"a\"]"}, "pk": 60}, {"model": "portal_admin.elementsource", "fields": {"instance_number": 0, "default_text": "", "profile": 7, "delimiter": "", "dcxml_format": 13, "use_filename": false, "xpath": "record/identifierScanNumber"}, "pk": 61}, {"model": "portal_admin.elementsource", "fields": {"instance_number": 0, "default_text": "", "profile": 7, "delimiter": "", "dcxml_format": 13, "use_filename": false, "xpath": "record/identiferBarcode"}, "pk": 62}, {"model": "portal_admin.elementsource", "fields": {"instance_number": 0, "default_text": "", "profile": 7, "delimiter": "", "dcxml_format": 1, "use_filename": false, "xpath": "record/titleTypeName"}, "pk": 63}, {"model": "portal_admin.elementsource", "fields": {"instance_number": 0, "default_text": "", "profile": 7, "delimiter": "", "dcxml_format": 5, "use_filename": false, "xpath": "record/titleName"}, "pk": 64}, {"model": "portal_admin.elementsource", "fields": {"instance_number": 0, "default_text": "", "profile": 7, "delimiter": "", "dcxml_format": 6, "use_filename": false, "xpath": "record/description"}, "pk": 65}, {"model": "portal_admin.elementsource", "fields": {"instance_number": 0, "default_text": "", "profile": 7, "delimiter": "", "dcxml_format": 7, "use_filename": false, "xpath": "record/datePhotographCreated"}, "pk": 66}, {"model": "portal_admin.elementsource", "fields": {"instance_number": 0, "default_text": "", "profile": 7, "delimiter": "", "dcxml_format": 17, "use_filename": false, "xpath": "record/creatorPhotographer"}, "pk": 67}, {"model": "portal_admin.elementsource", "fields": {"instance_number": 0, "default_text": "", "profile": 7, "delimiter": "", "dcxml_format": 17, "use_filename": false, "xpath": "record/creatorArchitect1"}, "pk": 68}, {"model": "portal_admin.elementsource", "fields": {"instance_number": 0, "default_text": "", "profile": 7, "delimiter": "", "dcxml_format": 17, "use_filename": false, "xpath": "record/creatorLandscapeDesigner1"}, "pk": 69}, {"model": "portal_admin.elementsource", "fields": {"instance_number": 0, "default_text": "", "profile": 7, "delimiter": "", "dcxml_format": 16, "use_filename": false, "xpath": "record/subject1"}, "pk": 70}, {"model": "portal_admin.elementsource", "fields": {"instance_number": 0, "default_text": "", "profile": 7, "delimiter": "", "dcxml_format": 16, "use_filename": false, "xpath": "record/subject2"}, "pk": 71}, {"model": "portal_admin.elementsource", "fields": {"instance_number": 0, "default_text": "", "profile": 7, "delimiter": "", "dcxml_format": 16, "use_filename": false, "xpath": "record/subject3"}, "pk": 72}, {"model": "portal_admin.elementsource", "fields": {"instance_number": 0, "default_text": "", "profile": 7, "delimiter": "", "dcxml_format": 16, "use_filename": false, "xpath": "record/subject4"}, "pk": 73}, {"model": "portal_admin.elementsource", "fields": {"instance_number": 0, "default_text": "", "profile": 7, "delimiter": "", "dcxml_format": 16, "use_filename": false, "xpath": "record/subject5"}, "pk": 74}, {"model": "portal_admin.elementsource", "fields": {"instance_number": 0, "default_text": "", "profile": 7, "delimiter": "", "dcxml_format": 15, "use_filename": false, "xpath": "record/coverageSpatial2"}, "pk": 75}, {"model": "portal_admin.elementsource", "fields": {"instance_number": 0, "default_text": "", "profile": 7, "delimiter": "", "dcxml_format": 11, "use_filename": false, "xpath": "record/source"}, "pk": 76}, {"model": "portal_admin.elementsource", "fields": {"instance_number": 0, "default_text": "", "profile": 7, "delimiter": "", "dcxml_format": 12, "use_filename": false, "xpath": "record/noteCopyright"}, "pk": 77}, {"model": "portal_admin.elementsource", "fields": {"instance_number": 0, "default_text": null, "profile": 8, "delimiter": null, "dcxml_format": 1, "use_filename": false, "xpath": "work/relationSet/display"}, "pk": 78}, {"model": "portal_admin.elementsource", "fields": {"instance_number": 0, "default_text": null, "profile": 8, "delimiter": null, "dcxml_format": 13, "use_filename": false, "xpath": "work/dateSet/display"}, "pk": 79}, {"model": "portal_admin.elementsource", "fields": {"instance_number": 0, "default_text": "", "profile": 9, "delimiter": "", "dcxml_format": 1, "use_filename": false, "xpath": "collection/record/datafield[@tag=\"245\"]/subfield[@code=\"a\"]"}, "pk": 82}, {"model": "portal_admin.elementsource", "fields": {"instance_number": 0, "default_text": "", "profile": 9, "delimiter": "", "dcxml_format": 13, "use_filename": false, "xpath": "collection/record/controlfield[@tag=\"001\"]"}, "pk": 83}, {"model": "portal_admin.elementsource", "fields": {"instance_number": 0, "default_text": "", "profile": 10, "delimiter": "", "dcxml_format": 1, "use_filename": false, "xpath": "collection/record/datafield[@tag=\"245\"]/subfield[@code=\"a\"]"}, "pk": 84}, {"model": "portal_admin.elementsource", "fields": {"instance_number": 0, "default_text": "", "profile": 10, "delimiter": "", "dcxml_format": 13, "use_filename": false, "xpath": "collection/record/controlfield[@tag=\"001\"]"}, "pk": 85}, {"model": "portal_admin.elementsource", "fields": {"instance_number": 0, "default_text": "", "profile": 14, "delimiter": "", "dcxml_format": 1, "use_filename": false, "xpath": "ead/archdesc/did/unittitle"}, "pk": 91}, {"model": "portal_admin.elementsource", "fields": {"instance_number": 0, "default_text": "", "profile": 14, "delimiter": "", "dcxml_format": 13, "use_filename": false, "xpath": "ead/archdesc/did/unitid"}, "pk": 92}, {"model": "portal_admin.elementsource", "fields": {"instance_number": 0, "default_text": "", "profile": 14, "delimiter": "", "dcxml_format": 2, "use_filename": false, "xpath": "ead/archdesc/did/unitdate"}, "pk": 93}, {"model": "portal_admin.elementsource", "fields": {"instance_number": 0, "default_text": "", "profile": 14, "delimiter": "", "dcxml_format": 7, "use_filename": false, "xpath": "ead/archdesc/did/unitdate"}, "pk": 94}, {"model": "portal_admin.elementsource", "fields": {"instance_number": -1, "default_text": "", "profile": 14, "delimiter": "", "dcxml_format": 17, "use_filename": false, "xpath": "ead/archdesc/controlaccess/persname"}, "pk": 95}, {"model": "portal_admin.elementsource", "fields": {"instance_number": -1, "default_text": "", "profile": 14, "delimiter": "", "dcxml_format": 17, "use_filename": false, "xpath": "ead/archdesc/controlaccess/corpname"}, "pk": 96}, {"model": "portal_admin.elementsource", "fields": {"instance_number": -1, "default_text": "", "profile": 14, "delimiter": "", "dcxml_format": 16, "use_filename": false, "xpath": "ead/archdesc/controlaccess/subject"}, "pk": 97}, {"model": "portal_admin.elementsource", "fields": {"instance_number": -1, "default_text": "", "profile": 14, "delimiter": "", "dcxml_format": 15, "use_filename": false, "xpath": "ead/archdesc/controlaccess/geogname"}, "pk": 98}, {"model": "portal_admin.elementsource", "fields": {"instance_number": -1, "default_text": "", "profile": 10, "delimiter": "", "dcxml_format": 13, "use_filename": false, "xpath": "collection/record/datafield[@tag=\"099\"]/subfield[@code=\"a\"]"}, "pk": 99}, {"model": "portal_admin.elementsource", "fields": {"instance_number": -1, "default_text": "", "profile": 4, "delimiter": "", "dcxml_format": 13, "use_filename": false, "xpath": "collection/record/datafield[@tag=\"099\"]/subfield[@code=\"a\"]"}, "pk": 100}, {"model": "portal_admin.elementsource", "fields": {"instance_number": -1, "default_text": "", "profile": 15, "delimiter": "", "dcxml_format": 13, "use_filename": false, "xpath": "collection/record/datafield[@tag=\"099\"]/subfield[@code=\"a\"]"}, "pk": 101}, {"model": "portal_admin.elementsource", "fields": {"instance_number": -1, "default_text": "", "profile": 15, "delimiter": "", "dcxml_format": 13, "use_filename": false, "xpath": "collection/record/datafield[@tag=\"856\"]/subfield[@code=\"a\"]"}, "pk": 102}, {"model": "portal_admin.elementsource", "fields": {"instance_number": -1, "default_text": "", "profile": 15, "delimiter": "", "dcxml_format": 1, "use_filename": false, "xpath": "collection/record/datafield[@tag=\"245\"]/subfield[@code=\"a\"]"}, "pk": 103}, {"model": "portal_admin.elementsource", "fields": {"instance_number": 0, "default_text": "", "profile": 16, "delimiter": "", "dcxml_format": 1, "use_filename": false, "xpath": "unittitle"}, "pk": 104}, {"model": "portal_admin.elementsource", "fields": {"instance_number": 0, "default_text": null, "profile": 16, "delimiter": null, "dcxml_format": 13, "use_filename": false, "xpath": "unitid"}, "pk": 105}, {"model": "portal_admin.elementsource", "fields": {"instance_number": 0, "default_text": "", "profile": 18, "delimiter": "", "dcxml_format": 1, "use_filename": false, "xpath": "collection/record/datafield[@tag=\"245\"]/subfield[@code=\"a\"]"}, "pk": 107}, {"model": "portal_admin.elementsource", "fields": {"instance_number": 0, "default_text": "", "profile": 18, "delimiter": "", "dcxml_format": 2, "use_filename": false, "xpath": "collection/record/datafield[@tag=\"245\"]/subfield[@code=\"f\"]"}, "pk": 108}, {"model": "portal_admin.elementsource", "fields": {"instance_number": 0, "default_text": "", "profile": 18, "delimiter": "", "dcxml_format": 7, "use_filename": false, "xpath": "collection/record/datafield[@tag=\"245\"]/subfield[@code=\"f\"]"}, "pk": 109}, {"model": "portal_admin.elementsource", "fields": {"instance_number": -1, "default_text": "", "profile": 18, "delimiter": "", "dcxml_format": 17, "use_filename": false, "xpath": "collection/record/datafield[@tag=\"600\"]/subfield[@code=\"a\"]"}, "pk": 110}, {"model": "portal_admin.elementsource", "fields": {"instance_number": -1, "default_text": "", "profile": 18, "delimiter": "", "dcxml_format": 17, "use_filename": false, "xpath": "collection/record/datafield[@tag=\"610\"]/subfield[@code=\"a\"]"}, "pk": 111}, {"model": "portal_admin.elementsource", "fields": {"instance_number": -1, "default_text": "", "profile": 18, "delimiter": "", "dcxml_format": 17, "use_filename": false, "xpath": "collection/record/datafield[@tag=\"700\"]/subfield[@code=\"a\"]"}, "pk": 112}, {"model": "portal_admin.elementsource", "fields": {"instance_number": -1, "default_text": "", "profile": 18, "delimiter": "", "dcxml_format": 16, "use_filename": false, "xpath": "collection/record/datafield[@tag=\"710\"]/subfield[@code=\"a\"]"}, "pk": 113}, {"model": "portal_admin.elementsource", "fields": {"instance_number": -1, "default_text": "", "profile": 18, "delimiter": "", "dcxml_format": 17, "use_filename": false, "xpath": "collection/record/datafield[@tag=\"100\"]/subfield[@code=\"a\"]"}, "pk": 114}, {"model": "portal_admin.elementsource", "fields": {"instance_number": -1, "default_text": "", "profile": 18, "delimiter": "", "dcxml_format": 17, "use_filename": false, "xpath": "collection/record/datafield[@tag=\"110\"]/subfield[@code=\"a\"]"}, "pk": 115}, {"model": "portal_admin.elementsource", "fields": {"instance_number": -1, "default_text": "", "profile": 18, "delimiter": "", "dcxml_format": 16, "use_filename": false, "xpath": "collection/record/datafield[@tag=\"650\"]/subfield[@code=\"a\"]"}, "pk": 116}, {"model": "portal_admin.elementsource", "fields": {"instance_number": -1, "default_text": "", "profile": 18, "delimiter": "", "dcxml_format": 15, "use_filename": false, "xpath": "collection/record/datafield[@tag=\"650\"]/subfield[@code=\"c\"]"}, "pk": 117}, {"model": "portal_admin.elementsource", "fields": {"instance_number": -1, "default_text": "", "profile": 18, "delimiter": "", "dcxml_format": 15, "use_filename": false, "xpath": "collection/record/datafield[@tag=\"651\"]/subfield[@code=\"a\"]"}, "pk": 118}, {"model": "portal_admin.elementsource", "fields": {"instance_number": -1, "default_text": "", "profile": 18, "delimiter": "", "dcxml_format": 6, "use_filename": false, "xpath": "collection/record/datafield[@tag=\"520\"]/subfield[@code=\"a\"]"}, "pk": 119}, {"model": "portal_admin.elementsource", "fields": {"instance_number": -1, "default_text": "", "profile": 18, "delimiter": "", "dcxml_format": 18, "use_filename": false, "xpath": "collection/record/datafield[@tag=\"655\"]/subfield[@code=\"a\"]"}, "pk": 120}, {"model": "portal_admin.elementsource", "fields": {"instance_number": 0, "default_text": "", "profile": 15, "delimiter": "", "dcxml_format": 13, "use_filename": false, "xpath": "collection/record/controlfield[@tag=\"001\"]"}, "pk": 161}, {"model": "portal_admin.elementsource", "fields": {"instance_number": -1, "default_text": null, "profile": 25, "delimiter": null, "dcxml_format": 1, "use_filename": false, "xpath": "ead/archdesc/did/unittitle"}, "pk": 162}, {"model": "portal_admin.elementsource", "fields": {"instance_number": -1, "default_text": null, "profile": 25, "delimiter": null, "dcxml_format": 3, "use_filename": false, "xpath": "ead/archdesc/did/unitdate"}, "pk": 163}, {"model": "portal_admin.elementsource", "fields": {"instance_number": -1, "default_text": null, "profile": 25, "delimiter": null, "dcxml_format": 7, "use_filename": false, "xpath": "ead/archdesc/did/unitdate"}, "pk": 164}, {"model": "portal_admin.elementsource", "fields": {"instance_number": -1, "default_text": null, "profile": 25, "delimiter": null, "dcxml_format": 13, "use_filename": false, "xpath": "ead/eadheader/eadid"}, "pk": 165}, {"model": "portal_admin.elementsource", "fields": {"instance_number": -1, "default_text": null, "profile": 25, "delimiter": null, "dcxml_format": 6, "use_filename": false, "xpath": "ead/archdesc/did/abstract"}, "pk": 166}, {"model": "portal_admin.elementsource", "fields": {"instance_number": -1, "default_text": null, "profile": 25, "delimiter": null, "dcxml_format": 17, "use_filename": false, "xpath": "ead/archdesc/controlaccess/persname"}, "pk": 167}, {"model": "portal_admin.elementsource", "fields": {"instance_number": -1, "default_text": null, "profile": 25, "delimiter": null, "dcxml_format": 17, "use_filename": false, "xpath": "ead/archdesc/controlaccess/corpname"}, "pk": 168}, {"model": "portal_admin.elementsource", "fields": {"instance_number": -1, "default_text": null, "profile": 25, "delimiter": null, "dcxml_format": 16, "use_filename": false, "xpath": "ead/archdesc/controlaccess/subject"}, "pk": 169}, {"model": "portal_admin.elementsource", "fields": {"instance_number": -1, "default_text": null, "profile": 25, "delimiter": null, "dcxml_format": 15, "use_filename": false, "xpath": "ead/archdesc/controlaccess/geogname"}, "pk": 170}, {"model": "portal_admin.elementsource", "fields": {"instance_number": -1, "default_text": null, "profile": 25, "delimiter": null, "dcxml_format": 18, "use_filename": false, "xpath": "ead/archdesc/controlaccess/genreform"}, "pk": 171}, {"model": "portal_admin.elementsource", "fields": {"instance_number": -1, "default_text": null, "profile": 26, "delimiter": null, "dcxml_format": 1, "use_filename": false, "xpath": "record/Title"}, "pk": 172}, {"model": "portal_admin.elementsource", "fields": {"instance_number": 0, "default_text": null, "profile": 26, "delimiter": null, "dcxml_format": 7, "use_filename": false, "xpath": "record/ISO_Date"}, "pk": 173}, {"model": "portal_admin.elementsource", "fields": {"instance_number": 0, "default_text": null, "profile": 26, "delimiter": null, "dcxml_format": 13, "use_filename": false, "xpath": "record/Local_Identifier"}, "pk": 174}, {"model": "portal_admin.elementsource", "fields": {"instance_number": 0, "default_text": null, "profile": 26, "delimiter": null, "dcxml_format": 6, "use_filename": false, "xpath": "record/Description"}, "pk": 175}, {"model": "portal_admin.elementsource", "fields": {"instance_number": -1, "default_text": null, "profile": 26, "delimiter": null, "dcxml_format": 17, "use_filename": false, "xpath": "record/Creator"}, "pk": 176}, {"model": "portal_admin.elementsource", "fields": {"instance_number": -1, "default_text": null, "profile": 26, "delimiter": null, "dcxml_format": 16, "use_filename": false, "xpath": "record/Topical_Subject"}, "pk": 177}, {"model": "portal_admin.elementsource", "fields": {"instance_number": -1, "default_text": null, "profile": 26, "delimiter": null, "dcxml_format": 16, "use_filename": false, "xpath": "record/Subject"}, "pk": 178}, {"model": "portal_admin.elementsource", "fields": {"instance_number": -1, "default_text": null, "profile": 26, "delimiter": null, "dcxml_format": 15, "use_filename": false, "xpath": "record/Geographic_Location"}, "pk": 179}, {"model": "portal_admin.elementsource", "fields": {"instance_number": 0, "default_text": null, "profile": 26, "delimiter": null, "dcxml_format": 11, "use_filename": false, "xpath": "record/Collection_Source"}, "pk": 180}, {"model": "portal_admin.elementsource", "fields": {"instance_number": -1, "default_text": null, "profile": 26, "delimiter": null, "dcxml_format": 4, "use_filename": false, "xpath": "record/Collection"}, "pk": 181}, {"model": "portal_admin.elementsource", "fields": {"instance_number": -1, "default_text": null, "profile": 26, "delimiter": null, "dcxml_format": 12, "use_filename": false, "xpath": "record/Rights"}, "pk": 182}, {"model": "portal_admin.elementsource", "fields": {"instance_number": 0, "default_text": "", "profile": 15, "delimiter": "", "dcxml_format": 3, "use_filename": false, "xpath": "collection/record/datafield[@tag=\"245\"]/subfield[@code=\"f\"]"}, "pk": 183}, {"model": "portal_admin.elementsource", "fields": {"instance_number": 0, "default_text": "", "profile": 15, "delimiter": "", "dcxml_format": 7, "use_filename": false, "xpath": "collection/record/datafield[@tag=\"245\"]/subfield[@code=\"f\"]"}, "pk": 184}, {"model": "portal_admin.elementsource", "fields": {"instance_number": -1, "default_text": "", "profile": 15, "delimiter": "", "dcxml_format": 17, "use_filename": false, "xpath": "collection/record/datafield[@tag=\"600\"]/subfield[@code=\"a\"]"}, "pk": 185}, {"model": "portal_admin.elementsource", "fields": {"instance_number": -1, "default_text": "", "profile": 15, "delimiter": "", "dcxml_format": 17, "use_filename": false, "xpath": "collection/record/datafield[@tag=\"610\"]/subfield[@code=\"a\"]"}, "pk": 186}, {"model": "portal_admin.elementsource", "fields": {"instance_number": -1, "default_text": "", "profile": 15, "delimiter": "", "dcxml_format": 17, "use_filename": false, "xpath": "collection/record/datafield[@tag=\"700\"]/subfield[@code=\"a\"]"}, "pk": 187}, {"model": "portal_admin.elementsource", "fields": {"instance_number": -1, "default_text": "", "profile": 15, "delimiter": "", "dcxml_format": 17, "use_filename": false, "xpath": "collection/record/datafield[@tag=\"710\"]/subfield[@code=\"a\"]"}, "pk": 188}, {"model": "portal_admin.elementsource", "fields": {"instance_number": -1, "default_text": "", "profile": 15, "delimiter": "", "dcxml_format": 17, "use_filename": false, "xpath": "collection/record/datafield[@tag=\"100\"]/subfield[@code=\"a\"]"}, "pk": 189}, {"model": "portal_admin.elementsource", "fields": {"instance_number": -1, "default_text": "", "profile": 15, "delimiter": "", "dcxml_format": 17, "use_filename": false, "xpath": "collection/record/datafield[@tag=\"110\"]/subfield[@code=\"a\"]"}, "pk": 190}, {"model": "portal_admin.elementsource", "fields": {"instance_number": -1, "default_text": "", "profile": 15, "delimiter": "", "dcxml_format": 16, "use_filename": false, "xpath": "collection/record/datafield[@tag=\"650\"]/subfield[@code=\"a\"]"}, "pk": 191}, {"model": "portal_admin.elementsource", "fields": {"instance_number": -1, "default_text": "", "profile": 15, "delimiter": "", "dcxml_format": 15, "use_filename": false, "xpath": "collection/record/datafield[@tag=\"650\"]/subfield[@code=\"c\"]"}, "pk": 192}, {"model": "portal_admin.elementsource", "fields": {"instance_number": -1, "default_text": "", "profile": 15, "delimiter": "", "dcxml_format": 15, "use_filename": false, "xpath": "collection/record/datafield[@tag=\"651\"]/subfield[@code=\"a\"]"}, "pk": 193}, {"model": "portal_admin.elementsource", "fields": {"instance_number": -1, "default_text": "", "profile": 15, "delimiter": "", "dcxml_format": 6, "use_filename": false, "xpath": "collection/record/datafield[@tag=\"520\"]/subfield[@code=\"a\"]"}, "pk": 194}, {"model": "portal_admin.elementsource", "fields": {"instance_number": -1, "default_text": "", "profile": 15, "delimiter": "", "dcxml_format": 18, "use_filename": false, "xpath": "collection/record/datafield[@tag=\"655\"]/subfield[@code=\"a\"]"}, "pk": 195}, {"model": "portal_admin.elementsource", "fields": {"instance_number": 0, "default_text": "", "profile": 24, "delimiter": "", "dcxml_format": 1, "use_filename": false, "xpath": "ead/archdesc/did/unittitle"}, "pk": 196}, {"model": "portal_admin.elementsource", "fields": {"instance_number": 0, "default_text": "", "profile": 24, "delimiter": "", "dcxml_format": 3, "use_filename": false, "xpath": "ead/archdesc/did/unitdate"}, "pk": 197}, {"model": "portal_admin.elementsource", "fields": {"instance_number": 0, "default_text": "", "profile": 24, "delimiter": "", "dcxml_format": 7, "use_filename": false, "xpath": "ead/archdesc/did/unitdate"}, "pk": 198}, {"model": "portal_admin.elementsource", "fields": {"instance_number": 0, "default_text": "", "profile": 24, "delimiter": "", "dcxml_format": 6, "use_filename": false, "xpath": "ead/archdesc/did/abstract/p"}, "pk": 199}, {"model": "portal_admin.elementsource", "fields": {"instance_number": -1, "default_text": "", "profile": 24, "delimiter": "", "dcxml_format": 15, "use_filename": false, "xpath": "ead/archdesc/controlaccess/geogname"}, "pk": 200}, {"model": "portal_admin.elementsource", "fields": {"instance_number": -1, "default_text": "", "profile": 24, "delimiter": "", "dcxml_format": 16, "use_filename": false, "xpath": "ead/archdesc/controlaccess/subject"}, "pk": 201}, {"model": "portal_admin.elementsource", "fields": {"instance_number": -1, "default_text": "", "profile": 24, "delimiter": "", "dcxml_format": 17, "use_filename": false, "xpath": "ead/archdesc/controlaccess/persname"}, "pk": 202}, {"model": "portal_admin.elementsource", "fields": {"instance_number": -1, "default_text": "", "profile": 24, "delimiter": "", "dcxml_format": 17, "use_filename": false, "xpath": "ead/archdesc/controlaccess/corpname"}, "pk": 203}, {"model": "portal_admin.elementsource", "fields": {"instance_number": -1, "default_text": "", "profile": 24, "delimiter": "", "dcxml_format": 17, "use_filename": false, "xpath": "ead/archdesc/controlaccess/famname"}, "pk": 204}, {"model": "portal_admin.elementsource", "fields": {"instance_number": 0, "default_text": "", "profile": 24, "delimiter": "", "dcxml_format": 13, "use_filename": false, "xpath": "ead/eadheader/eadid"}, "pk": 205}, {"model": "portal_admin.elementsource", "fields": {"instance_number": -1, "default_text": null, "profile": 27, "delimiter": null, "dcxml_format": 1, "use_filename": false, "xpath": "record/title"}, "pk": 206}, {"model": "portal_admin.elementsource", "fields": {"instance_number": 0, "default_text": null, "profile": 27, "delimiter": null, "dcxml_format": 13, "use_filename": false, "xpath": "record/file_name"}, "pk": 207}, {"model": "portal_admin.elementsource", "fields": {"instance_number": -1, "default_text": null, "profile": 27, "delimiter": null, "dcxml_format": 17, "use_filename": false, "xpath": "record/name"}, "pk": 208}, {"model": "portal_admin.filesource", "fields": {"instance_number": 0, "profile": 1, "use_filename": false, "suffix": "", "order": null, "has_extension": false, "xpath": "record/Identifier"}, "pk": 1}, {"model": "portal_admin.filesource", "fields": {"instance_number": 0, "profile": 2, "use_filename": false, "suffix": "", "order": null, "has_extension": false, "xpath": "img/orig-identifierScanNumber"}, "pk": 2}, {"model": "portal_admin.filesource", "fields": {"instance_number": 0, "profile": 8, "use_filename": false, "suffix": "", "order": 0, "has_extension": false, "xpath": "work/locationset/location"}, "pk": 3}, {"model": "portal_admin.filesource", "fields": {"instance_number": null, "profile": 9, "use_filename": false, "suffix": "", "order": null, "has_extension": false, "xpath": "collection/record/controlfield[@tag=\"001\"]"}, "pk": 4}, {"model": "portal_admin.filesource", "fields": {"instance_number": null, "profile": 10, "use_filename": false, "suffix": "", "order": null, "has_extension": false, "xpath": "collection/record/controlfield[@tag=\"001\"]"}, "pk": 5}, {"model": "portal_admin.filesource", "fields": {"instance_number": 0, "profile": 7, "use_filename": false, "suffix": "r", "order": null, "has_extension": false, "xpath": "record/identifierScanNumber"}, "pk": 9}, {"model": "portal_admin.filesource", "fields": {"instance_number": 0, "profile": 16, "use_filename": false, "suffix": "", "order": 0, "has_extension": false, "xpath": "ead/archdesc/dsc/c01/did/unitid"}, "pk": 10}, {"model": "portal_admin.filesource", "fields": {"instance_number": 0, "profile": 26, "use_filename": false, "suffix": "", "order": 0, "has_extension": false, "xpath": "record/Local_Identifier"}, "pk": 11}, {"model": "portal_admin.filesource", "fields": {"instance_number": 0, "profile": 27, "use_filename": false, "suffix": "", "order": 0, "has_extension": false, "xpath": "record/file_name"}, "pk": 12}, {"model": "portal_admin.facetgroup", "fields": {"is_openedit": false, "label": "Neighborhoods", "dcxml_format": 14, "context": 1}, "pk": 1}, {"model": "portal_admin.facetgroup", "fields": {"is_openedit": false, "label": "Cities", "dcxml_format": 10, "context": 1}, "pk": 2}, {"model": "portal_admin.facetgroup", "fields": {"is_openedit": false, "label": "Chicago Topics", "dcxml_format": 9, "context": 1}, "pk": 3}, {"model": "portal_admin.facetgroup", "fields": {"is_openedit": true, "label": "Names", "dcxml_format": 8, "context": 1}, "pk": 4}, {"model": "portal_admin.facetgroup", "fields": {"is_openedit": false, "label": "Rights", "dcxml_format": 12, "context": 2}, "pk": 5}, {"model": "portal_admin.facetvalue", "fields": {"value": "South Side Community Art Center", "facet_group": 4}, "pk": 1}, {"model": "portal_admin.facetvalue", "fields": {"value": "Photography", "facet_group": 3}, "pk": 2}, {"model": "portal_admin.facetvalue", "fields": {"value": "Chicago", "facet_group": 2}, "pk": 3}, {"model": "portal_admin.facetvalue", "fields": {"value": "Arts", "facet_group": 3}, "pk": 4}, {"model": "portal_admin.facetvalue", "fields": {"value": "Faggi, Alfeo", "facet_group": 4}, "pk": 5}, {"model": "portal_admin.facetvalue", "fields": {"value": "Architecture", "facet_group": 3}, "pk": 6}, {"model": "portal_admin.facetvalue", "fields": {"value": "Fairs and Conventions", "facet_group": 3}, "pk": 7}, {"model": "portal_admin.facetvalue", "fields": {"value": "Tallmadge, Thomas E. (Thomas Eddy)", "facet_group": 4}, "pk": 8}, {"model": "portal_admin.facetvalue", "fields": {"value": "Journalism", "facet_group": 3}, "pk": 9}, {"model": "portal_admin.facetvalue", "fields": {"value": "Chicago Tribune", "facet_group": 4}, "pk": 10}, {"model": "portal_admin.facetvalue", "fields": {"value": "Howells, John", "facet_group": 4}, "pk": 11}, {"model": "portal_admin.facetvalue", "fields": {"value": "Hood, Raymond", "facet_group": 4}, "pk": 12}, {"model": "portal_admin.facetvalue", "fields": {"value": "Schillo Motor Sales Company", "facet_group": 4}, "pk": 13}, {"model": "portal_admin.facetvalue", "fields": {"value": "Mundie and Jensen Architects", "facet_group": 4}, "pk": 14}, {"model": "portal_admin.facetvalue", "fields": {"value": "Palmer, Bertha Honor\u00e9", "facet_group": 4}, "pk": 15}, {"model": "portal_admin.facetvalue", "fields": {"value": "Hallowell, Sara", "facet_group": 4}, "pk": 16}, {"model": "portal_admin.facetvalue", "fields": {"value": "Elliott, John", "facet_group": 4}, "pk": 17}, {"model": "portal_admin.facetvalue", "fields": {"value": "French, William", "facet_group": 4}, "pk": 18}, {"model": "portal_admin.facetvalue", "fields": {"value": "Cassatt, Mary", "facet_group": 4}, "pk": 19}, {"model": "portal_admin.facetvalue", "fields": {"value": "Macmonnies, Mary", "facet_group": 4}, "pk": 20}, {"model": "portal_admin.facetvalue", "fields": {"value": "D.H. Burnham and Company", "facet_group": 4}, "pk": 21}, {"model": "portal_admin.facetvalue", "fields": {"value": "Graham, Burnham, and Company", "facet_group": 4}, "pk": 22}, {"model": "portal_admin.facetvalue", "fields": {"value": "Chagall, Marc", "facet_group": 4}, "pk": 23}, {"model": "portal_admin.facetvalue", "fields": {"value": "Adler, Dankmar", "facet_group": 4}, "pk": 24}, {"model": "portal_admin.facetvalue", "fields": {"value": "Continental and Commercial National Bank", "facet_group": 4}, "pk": 25}, {"model": "portal_admin.facetvalue", "fields": {"value": "Landseer, Edwin Henry, Sir", "facet_group": 4}, "pk": 26}, {"model": "portal_admin.facetvalue", "fields": {"value": "Bonheur, Rosa", "facet_group": 4}, "pk": 27}, {"model": "portal_admin.facetvalue", "fields": {"value": "Larsson, Carl", "facet_group": 4}, "pk": 28}, {"model": "portal_admin.facetvalue", "fields": {"value": "C\u00e9zanne, Paul", "facet_group": 4}, "pk": 29}, {"model": "portal_admin.facetvalue", "fields": {"value": "Nicholson, William, Sir", "facet_group": 4}, "pk": 30}, {"model": "portal_admin.facetvalue", "fields": {"value": "Magrath, William", "facet_group": 4}, "pk": 31}, {"model": "portal_admin.facetvalue", "fields": {"value": "De Longpre, Paule", "facet_group": 4}, "pk": 32}, {"model": "portal_admin.facetvalue", "fields": {"value": "Munkacsy, Mihaly", "facet_group": 4}, "pk": 33}, {"model": "portal_admin.facetvalue", "fields": {"value": "Jan-Monchablon", "facet_group": 4}, "pk": 34}, {"model": "portal_admin.facetvalue", "fields": {"value": "Leloir, Maurice", "facet_group": 4}, "pk": 35}, {"model": "portal_admin.facetvalue", "fields": {"value": "Earle, Lawrence", "facet_group": 4}, "pk": 36}, {"model": "portal_admin.facetvalue", "fields": {"value": "Sargent, John", "facet_group": 4}, "pk": 37}, {"model": "portal_admin.facetvalue", "fields": {"value": "Aoki, T.", "facet_group": 4}, "pk": 38}, {"model": "portal_admin.facetvalue", "fields": {"value": "Tissot, James", "facet_group": 4}, "pk": 39}, {"model": "portal_admin.facetvalue", "fields": {"value": "Evans, de Scott", "facet_group": 4}, "pk": 40}, {"model": "portal_admin.facetvalue", "fields": {"value": "Vibert, Jehan", "facet_group": 4}, "pk": 41}, {"model": "portal_admin.facetvalue", "fields": {"value": "Jacques, Charles-Emile", "facet_group": 4}, "pk": 42}, {"model": "portal_admin.facetvalue", "fields": {"value": "Chevilliard, Vincent-Jean-Baptiste", "facet_group": 4}, "pk": 43}, {"model": "portal_admin.facetvalue", "fields": {"value": "Klempke, Annae", "facet_group": 4}, "pk": 44}, {"model": "portal_admin.facetvalue", "fields": {"value": "Delacroix, Eugene", "facet_group": 4}, "pk": 45}, {"model": "portal_admin.facetvalue", "fields": {"value": "Stuart, Gilbert", "facet_group": 4}, "pk": 46}, {"model": "portal_admin.facetvalue", "fields": {"value": "O'Keeffe, Georgia", "facet_group": 4}, "pk": 47}, {"model": "portal_admin.facetvalue", "fields": {"value": "Clark, Allan", "facet_group": 4}, "pk": 48}, {"model": "portal_admin.facetvalue", "fields": {"value": "Roberts, David", "facet_group": 4}, "pk": 49}, {"model": "portal_admin.facetvalue", "fields": {"value": "Weber, Max", "facet_group": 4}, "pk": 50}, {"model": "portal_admin.facetvalue", "fields": {"value": "Caldecott, Randolph", "facet_group": 4}, "pk": 51}, {"model": "portal_admin.facetvalue", "fields": {"value": "Lorenc, Zdeneke", "facet_group": 4}, "pk": 52}, {"model": "portal_admin.facetvalue", "fields": {"value": "Me\u0161trovi\u0107, Ivan", "facet_group": 4}, "pk": 53}, {"model": "portal_admin.facetvalue", "fields": {"value": "Aslip", "facet_group": 2}, "pk": 54}, {"model": "portal_admin.facetvalue", "fields": {"value": "Arlington Heights", "facet_group": 2}, "pk": 55}, {"model": "portal_admin.facetvalue", "fields": {"value": "Bedford Park", "facet_group": 2}, "pk": 56}, {"model": "portal_admin.facetvalue", "fields": {"value": "Bellwood", "facet_group": 2}, "pk": 57}, {"model": "portal_admin.facetvalue", "fields": {"value": "Bensenville", "facet_group": 2}, "pk": 58}, {"model": "portal_admin.facetvalue", "fields": {"value": "Berkeley", "facet_group": 2}, "pk": 59}, {"model": "portal_admin.facetvalue", "fields": {"value": "Berwyn", "facet_group": 2}, "pk": 60}, {"model": "portal_admin.facetvalue", "fields": {"value": "Blue Island", "facet_group": 2}, "pk": 61}, {"model": "portal_admin.facetvalue", "fields": {"value": "Brookfield", "facet_group": 2}, "pk": 62}, {"model": "portal_admin.facetvalue", "fields": {"value": "Burbank", "facet_group": 2}, "pk": 63}, {"model": "portal_admin.facetvalue", "fields": {"value": "Burr Ridge", "facet_group": 2}, "pk": 64}, {"model": "portal_admin.facetvalue", "fields": {"value": "Calumet City", "facet_group": 2}, "pk": 65}, {"model": "portal_admin.facetvalue", "fields": {"value": "Calumet Park", "facet_group": 2}, "pk": 66}, {"model": "portal_admin.facetvalue", "fields": {"value": "Chicago Ridge", "facet_group": 2}, "pk": 67}, {"model": "portal_admin.facetvalue", "fields": {"value": "Cicero", "facet_group": 2}, "pk": 68}, {"model": "portal_admin.facetvalue", "fields": {"value": "Countryside", "facet_group": 2}, "pk": 69}, {"model": "portal_admin.facetvalue", "fields": {"value": "Crestwood", "facet_group": 2}, "pk": 70}, {"model": "portal_admin.facetvalue", "fields": {"value": "Des Plaines", "facet_group": 2}, "pk": 71}, {"model": "portal_admin.facetvalue", "fields": {"value": "Dolton", "facet_group": 2}, "pk": 72}, {"model": "portal_admin.facetvalue", "fields": {"value": "Elk Grove Village", "facet_group": 2}, "pk": 73}, {"model": "portal_admin.facetvalue", "fields": {"value": "Elmhurst", "facet_group": 2}, "pk": 74}, {"model": "portal_admin.facetvalue", "fields": {"value": "Elmwood Park", "facet_group": 2}, "pk": 75}, {"model": "portal_admin.facetvalue", "fields": {"value": "Evanston", "facet_group": 2}, "pk": 76}, {"model": "portal_admin.facetvalue", "fields": {"value": "Evergreen Park", "facet_group": 2}, "pk": 77}, {"model": "portal_admin.facetvalue", "fields": {"value": "Forest Park", "facet_group": 2}, "pk": 78}, {"model": "portal_admin.facetvalue", "fields": {"value": "Franklin Park", "facet_group": 2}, "pk": 79}, {"model": "portal_admin.facetvalue", "fields": {"value": "Glenview", "facet_group": 2}, "pk": 80}, {"model": "portal_admin.facetvalue", "fields": {"value": "Harvey", "facet_group": 2}, "pk": 81}, {"model": "portal_admin.facetvalue", "fields": {"value": "Harwood Heights", "facet_group": 2}, "pk": 82}, {"model": "portal_admin.facetvalue", "fields": {"value": "Hickory Hills", "facet_group": 2}, "pk": 83}, {"model": "portal_admin.facetvalue", "fields": {"value": "Hillside", "facet_group": 2}, "pk": 84}, {"model": "portal_admin.facetvalue", "fields": {"value": "Hinsdale", "facet_group": 2}, "pk": 85}, {"model": "portal_admin.facetvalue", "fields": {"value": "Hodgkins", "facet_group": 2}, "pk": 86}, {"model": "portal_admin.facetvalue", "fields": {"value": "Justice", "facet_group": 2}, "pk": 87}, {"model": "portal_admin.facetvalue", "fields": {"value": "Kenilworth", "facet_group": 2}, "pk": 88}, {"model": "portal_admin.facetvalue", "fields": {"value": "La Grange", "facet_group": 2}, "pk": 89}, {"model": "portal_admin.facetvalue", "fields": {"value": "La Grange Park", "facet_group": 2}, "pk": 90}, {"model": "portal_admin.facetvalue", "fields": {"value": "Lincolnwood", "facet_group": 2}, "pk": 91}, {"model": "portal_admin.facetvalue", "fields": {"value": "Maywood", "facet_group": 2}, "pk": 92}, {"model": "portal_admin.facetvalue", "fields": {"value": "Melrose Park", "facet_group": 2}, "pk": 93}, {"model": "portal_admin.facetvalue", "fields": {"value": "Merlonette Park", "facet_group": 2}, "pk": 94}, {"model": "portal_admin.facetvalue", "fields": {"value": "Midlothian", "facet_group": 2}, "pk": 95}, {"model": "portal_admin.facetvalue", "fields": {"value": "Morton Grove", "facet_group": 2}, "pk": 96}, {"model": "portal_admin.facetvalue", "fields": {"value": "Niles", "facet_group": 2}, "pk": 97}, {"model": "portal_admin.facetvalue", "fields": {"value": "Norridge", "facet_group": 2}, "pk": 98}, {"model": "portal_admin.facetvalue", "fields": {"value": "Northbrook", "facet_group": 2}, "pk": 99}, {"model": "portal_admin.facetvalue", "fields": {"value": "Northlake", "facet_group": 2}, "pk": 100}, {"model": "portal_admin.facetvalue", "fields": {"value": "Oak Brook", "facet_group": 2}, "pk": 101}, {"model": "portal_admin.facetvalue", "fields": {"value": "Oak Forest", "facet_group": 2}, "pk": 102}, {"model": "portal_admin.facetvalue", "fields": {"value": "Oak Lawn", "facet_group": 2}, "pk": 103}, {"model": "portal_admin.facetvalue", "fields": {"value": "Oak Park", "facet_group": 2}, "pk": 104}, {"model": "portal_admin.facetvalue", "fields": {"value": "Orland Park", "facet_group": 2}, "pk": 105}, {"model": "portal_admin.facetvalue", "fields": {"value": "Palos Heights", "facet_group": 2}, "pk": 106}, {"model": "portal_admin.facetvalue", "fields": {"value": "Palos Park", "facet_group": 2}, "pk": 107}, {"model": "portal_admin.facetvalue", "fields": {"value": "Park Ridge", "facet_group": 2}, "pk": 108}, {"model": "portal_admin.facetvalue", "fields": {"value": "Prospect Heights", "facet_group": 2}, "pk": 109}, {"model": "portal_admin.facetvalue", "fields": {"value": "River Forest", "facet_group": 2}, "pk": 110}, {"model": "portal_admin.facetvalue", "fields": {"value": "River Grove", "facet_group": 2}, "pk": 111}, {"model": "portal_admin.facetvalue", "fields": {"value": "Riverdale", "facet_group": 2}, "pk": 112}, {"model": "portal_admin.facetvalue", "fields": {"value": "Riverside", "facet_group": 2}, "pk": 113}, {"model": "portal_admin.facetvalue", "fields": {"value": "Robbins", "facet_group": 2}, "pk": 114}, {"model": "portal_admin.facetvalue", "fields": {"value": "Schiller Park", "facet_group": 2}, "pk": 115}, {"model": "portal_admin.facetvalue", "fields": {"value": "Skokie", "facet_group": 2}, "pk": 116}, {"model": "portal_admin.facetvalue", "fields": {"value": "South Holland", "facet_group": 2}, "pk": 117}, {"model": "portal_admin.facetvalue", "fields": {"value": "Stickney", "facet_group": 2}, "pk": 118}, {"model": "portal_admin.facetvalue", "fields": {"value": "Summit", "facet_group": 2}, "pk": 119}, {"model": "portal_admin.facetvalue", "fields": {"value": "Western Springs", "facet_group": 2}, "pk": 120}, {"model": "portal_admin.facetvalue", "fields": {"value": "Wilmette", "facet_group": 2}, "pk": 121}, {"model": "portal_admin.facetvalue", "fields": {"value": "Winnetka", "facet_group": 2}, "pk": 122}, {"model": "portal_admin.facetvalue", "fields": {"value": "Worth", "facet_group": 2}, "pk": 123}, {"model": "portal_admin.facetvalue", "fields": {"value": "Yorkfield", "facet_group": 2}, "pk": 124}, {"model": "portal_admin.facetvalue", "fields": {"value": "Albany Park", "facet_group": 1}, "pk": 125}, {"model": "portal_admin.facetvalue", "fields": {"value": "Archer Heights", "facet_group": 1}, "pk": 126}, {"model": "portal_admin.facetvalue", "fields": {"value": "Armour Square", "facet_group": 1}, "pk": 127}, {"model": "portal_admin.facetvalue", "fields": {"value": "Ashburn", "facet_group": 1}, "pk": 128}, {"model": "portal_admin.facetvalue", "fields": {"value": "Auburn Gresham", "facet_group": 1}, "pk": 129}, {"model": "portal_admin.facetvalue", "fields": {"value": "Austin", "facet_group": 1}, "pk": 130}, {"model": "portal_admin.facetvalue", "fields": {"value": "Avalon Park", "facet_group": 1}, "pk": 131}, {"model": "portal_admin.facetvalue", "fields": {"value": "Avondale", "facet_group": 1}, "pk": 132}, {"model": "portal_admin.facetvalue", "fields": {"value": "Belmont Cragin", "facet_group": 1}, "pk": 133}, {"model": "portal_admin.facetvalue", "fields": {"value": "Beverly", "facet_group": 1}, "pk": 134}, {"model": "portal_admin.facetvalue", "fields": {"value": "Bridgeport", "facet_group": 1}, "pk": 135}, {"model": "portal_admin.facetvalue", "fields": {"value": "Brighton Park", "facet_group": 1}, "pk": 136}, {"model": "portal_admin.facetvalue", "fields": {"value": "Burnside", "facet_group": 1}, "pk": 137}, {"model": "portal_admin.facetvalue", "fields": {"value": "Calumet Heights", "facet_group": 1}, "pk": 138}, {"model": "portal_admin.facetvalue", "fields": {"value": "Chatham", "facet_group": 1}, "pk": 139}, {"model": "portal_admin.facetvalue", "fields": {"value": "Chicago Lawn", "facet_group": 1}, "pk": 140}, {"model": "portal_admin.facetvalue", "fields": {"value": "Clearing", "facet_group": 1}, "pk": 141}, {"model": "portal_admin.facetvalue", "fields": {"value": "Douglas", "facet_group": 1}, "pk": 142}, {"model": "portal_admin.facetvalue", "fields": {"value": "Dunning", "facet_group": 1}, "pk": 143}, {"model": "portal_admin.facetvalue", "fields": {"value": "East Garfield Park", "facet_group": 1}, "pk": 144}, {"model": "portal_admin.facetvalue", "fields": {"value": "East Side", "facet_group": 1}, "pk": 145}, {"model": "portal_admin.facetvalue", "fields": {"value": "Edgewater", "facet_group": 1}, "pk": 146}, {"model": "portal_admin.facetvalue", "fields": {"value": "Edison Park", "facet_group": 1}, "pk": 147}, {"model": "portal_admin.facetvalue", "fields": {"value": "Englewood", "facet_group": 1}, "pk": 148}, {"model": "portal_admin.facetvalue", "fields": {"value": "Forest Glen", "facet_group": 1}, "pk": 149}, {"model": "portal_admin.facetvalue", "fields": {"value": "Fuller Park", "facet_group": 1}, "pk": 150}, {"model": "portal_admin.facetvalue", "fields": {"value": "Gage Park", "facet_group": 1}, "pk": 151}, {"model": "portal_admin.facetvalue", "fields": {"value": "Garfield Ridge", "facet_group": 1}, "pk": 152}, {"model": "portal_admin.facetvalue", "fields": {"value": "Grand Boulevard", "facet_group": 1}, "pk": 153}, {"model": "portal_admin.facetvalue", "fields": {"value": "Greater Grand Crossing", "facet_group": 1}, "pk": 154}, {"model": "portal_admin.facetvalue", "fields": {"value": "Hegewisch", "facet_group": 1}, "pk": 155}, {"model": "portal_admin.facetvalue", "fields": {"value": "Hermosa", "facet_group": 1}, "pk": 156}, {"model": "portal_admin.facetvalue", "fields": {"value": "Humboldt Park", "facet_group": 1}, "pk": 157}, {"model": "portal_admin.facetvalue", "fields": {"value": "Hyde Park", "facet_group": 1}, "pk": 158}, {"model": "portal_admin.facetvalue", "fields": {"value": "Irving Park", "facet_group": 1}, "pk": 159}, {"model": "portal_admin.facetvalue", "fields": {"value": "Jefferson Park", "facet_group": 1}, "pk": 160}, {"model": "portal_admin.facetvalue", "fields": {"value": "Jeffrey Manor", "facet_group": 1}, "pk": 161}, {"model": "portal_admin.facetvalue", "fields": {"value": "Kenwood", "facet_group": 1}, "pk": 162}, {"model": "portal_admin.facetvalue", "fields": {"value": "Lake View", "facet_group": 1}, "pk": 163}, {"model": "portal_admin.facetvalue", "fields": {"value": "Lincoln Park", "facet_group": 1}, "pk": 164}, {"model": "portal_admin.facetvalue", "fields": {"value": "Lincoln Square", "facet_group": 1}, "pk": 165}, {"model": "portal_admin.facetvalue", "fields": {"value": "Logan Square", "facet_group": 1}, "pk": 166}, {"model": "portal_admin.facetvalue", "fields": {"value": "Loop", "facet_group": 1}, "pk": 167}, {"model": "portal_admin.facetvalue", "fields": {"value": "Lower West Side", "facet_group": 1}, "pk": 168}, {"model": "portal_admin.facetvalue", "fields": {"value": "McKinley Park", "facet_group": 1}, "pk": 169}, {"model": "portal_admin.facetvalue", "fields": {"value": "Montclare", "facet_group": 1}, "pk": 170}, {"model": "portal_admin.facetvalue", "fields": {"value": "Morgan Park", "facet_group": 1}, "pk": 171}, {"model": "portal_admin.facetvalue", "fields": {"value": "Mount Greenwood", "facet_group": 1}, "pk": 172}, {"model": "portal_admin.facetvalue", "fields": {"value": "Near North Side", "facet_group": 1}, "pk": 173}, {"model": "portal_admin.facetvalue", "fields": {"value": "Near South Side", "facet_group": 1}, "pk": 174}, {"model": "portal_admin.facetvalue", "fields": {"value": "Near West Side", "facet_group": 1}, "pk": 175}, {"model": "portal_admin.facetvalue", "fields": {"value": "New City", "facet_group": 1}, "pk": 176}, {"model": "portal_admin.facetvalue", "fields": {"value": "North Center", "facet_group": 1}, "pk": 177}, {"model": "portal_admin.facetvalue", "fields": {"value": "North Lawndale", "facet_group": 1}, "pk": 178}, {"model": "portal_admin.facetvalue", "fields": {"value": "North Park", "facet_group": 1}, "pk": 179}, {"model": "portal_admin.facetvalue", "fields": {"value": "Norwood Park", "facet_group": 1}, "pk": 180}, {"model": "portal_admin.facetvalue", "fields": {"value": "O'Hare", "facet_group": 1}, "pk": 181}, {"model": "portal_admin.facetvalue", "fields": {"value": "Oakland", "facet_group": 1}, "pk": 182}, {"model": "portal_admin.facetvalue", "fields": {"value": "Portage Park", "facet_group": 1}, "pk": 183}, {"model": "portal_admin.facetvalue", "fields": {"value": "Pullman", "facet_group": 1}, "pk": 184}, {"model": "portal_admin.facetvalue", "fields": {"value": "Riverdale", "facet_group": 1}, "pk": 185}, {"model": "portal_admin.facetvalue", "fields": {"value": "Rogers Park", "facet_group": 1}, "pk": 186}, {"model": "portal_admin.facetvalue", "fields": {"value": "Roseland", "facet_group": 1}, "pk": 187}, {"model": "portal_admin.facetvalue", "fields": {"value": "South Chicago", "facet_group": 1}, "pk": 188}, {"model": "portal_admin.facetvalue", "fields": {"value": "South Shore", "facet_group": 1}, "pk": 189}, {"model": "portal_admin.facetvalue", "fields": {"value": "Uptown", "facet_group": 1}, "pk": 190}, {"model": "portal_admin.facetvalue", "fields": {"value": "Washington Heights", "facet_group": 1}, "pk": 191}, {"model": "portal_admin.facetvalue", "fields": {"value": "Washington Park", "facet_group": 1}, "pk": 192}, {"model": "portal_admin.facetvalue", "fields": {"value": "West Elsdon", "facet_group": 1}, "pk": 193}, {"model": "portal_admin.facetvalue", "fields": {"value": "West Englewood", "facet_group": 1}, "pk": 194}, {"model": "portal_admin.facetvalue", "fields": {"value": "West Garfield Park", "facet_group": 1}, "pk": 195}, {"model": "portal_admin.facetvalue", "fields": {"value": "West Lawn", "facet_group": 1}, "pk": 196}, {"model": "portal_admin.facetvalue", "fields": {"value": "West Pullman", "facet_group": 1}, "pk": 197}, {"model": "portal_admin.facetvalue", "fields": {"value": "West Ridge", "facet_group": 1}, "pk": 198}, {"model": "portal_admin.facetvalue", "fields": {"value": "West Town", "facet_group": 1}, "pk": 199}, {"model": "portal_admin.facetvalue", "fields": {"value": "Woodlawn", "facet_group": 1}, "pk": 200}, {"model": "portal_admin.facetvalue", "fields": {"value": "Advertising and Publicity", "facet_group": 3}, "pk": 201}, {"model": "portal_admin.facetvalue", "fields": {"value": "Anthropology", "facet_group": 3}, "pk": 202}, {"model": "portal_admin.facetvalue", "fields": {"value": "Broadcasting", "facet_group": 3}, "pk": 203}, {"model": "portal_admin.facetvalue", "fields": {"value": "Business and Industry", "facet_group": 3}, "pk": 204}, {"model": "portal_admin.facetvalue", "fields": {"value": "Clubs and Organization", "facet_group": 3}, "pk": 205}, {"model": "portal_admin.facetvalue", "fields": {"value": "Children and Teenagers", "facet_group": 3}, "pk": 206}, {"model": "portal_admin.facetvalue", "fields": {"value": "City Planning", "facet_group": 3}, "pk": 207}, {"model": "portal_admin.facetvalue", "fields": {"value": "Civil Planning", "facet_group": 3}, "pk": 208}, {"model": "portal_admin.facetvalue", "fields": {"value": "Civil Engineering", "facet_group": 3}, "pk": 209}, {"model": "portal_admin.facetvalue", "fields": {"value": "Crime and Criminals", "facet_group": 3}, "pk": 210}, {"model": "portal_admin.facetvalue", "fields": {"value": "Design", "facet_group": 3}, "pk": 211}, {"model": "portal_admin.facetvalue", "fields": {"value": "Disasters", "facet_group": 3}, "pk": 212}, {"model": "portal_admin.facetvalue", "fields": {"value": "Ecology and Government", "facet_group": 3}, "pk": 213}, {"model": "portal_admin.facetvalue", "fields": {"value": "Education", "facet_group": 3}, "pk": 214}, {"model": "portal_admin.facetvalue", "fields": {"value": "Entertainment and Popular Culture", "facet_group": 3}, "pk": 215}, {"model": "portal_admin.facetvalue", "fields": {"value": "Ethnic and Cultural Groups", "facet_group": 3}, "pk": 216}, {"model": "portal_admin.facetvalue", "fields": {"value": "Families", "facet_group": 3}, "pk": 217}, {"model": "portal_admin.facetvalue", "fields": {"value": "Gender and Sexuality", "facet_group": 3}, "pk": 218}, {"model": "portal_admin.facetvalue", "fields": {"value": "Law", "facet_group": 3}, "pk": 219}, {"model": "portal_admin.facetvalue", "fields": {"value": "Literature and Poetry", "facet_group": 3}, "pk": 220}, {"model": "portal_admin.facetvalue", "fields": {"value": "Medicine and Health", "facet_group": 3}, "pk": 221}, {"model": "portal_admin.facetvalue", "fields": {"value": "Military and Wars", "facet_group": 3}, "pk": 222}, {"model": "portal_admin.facetvalue", "fields": {"value": "Music", "facet_group": 3}, "pk": 223}, {"model": "portal_admin.facetvalue", "fields": {"value": "Philanthropy", "facet_group": 3}, "pk": 224}, {"model": "portal_admin.facetvalue", "fields": {"value": "Police and Firefighters", "facet_group": 3}, "pk": 226}, {"model": "portal_admin.facetvalue", "fields": {"value": "Politics", "facet_group": 3}, "pk": 227}, {"model": "portal_admin.facetvalue", "fields": {"value": "Printing History and Book Art", "facet_group": 3}, "pk": 228}, {"model": "portal_admin.facetvalue", "fields": {"value": "Religion", "facet_group": 3}, "pk": 229}, {"model": "portal_admin.facetvalue", "fields": {"value": "Science and Technology", "facet_group": 3}, "pk": 230}, {"model": "portal_admin.facetvalue", "fields": {"value": "Social Justice", "facet_group": 3}, "pk": 231}, {"model": "portal_admin.facetvalue", "fields": {"value": "Social Service", "facet_group": 3}, "pk": 232}, {"model": "portal_admin.facetvalue", "fields": {"value": "Sports and Recreation", "facet_group": 3}, "pk": 233}, {"model": "portal_admin.facetvalue", "fields": {"value": "Theater and Performing Arts", "facet_group": 3}, "pk": 234}, {"model": "portal_admin.facetvalue", "fields": {"value": "Transportation", "facet_group": 3}, "pk": 235}, {"model": "portal_admin.facetvalue", "fields": {"value": "Tourism", "facet_group": 3}, "pk": 236}, {"model": "portal_admin.facetvalue", "fields": {"value": "Women", "facet_group": 3}, "pk": 237}, {"model": "portal_admin.facetvalue", "fields": {"value": "Addams, Jane", "facet_group": 4}, "pk": 238}, {"model": "portal_admin.facetvalue", "fields": {"value": "Algren, Nelson", "facet_group": 4}, "pk": 239}, {"model": "portal_admin.facetvalue", "fields": {"value": "Alschuler, Alfred S. (Alfred Samuel)", "facet_group": 4}, "pk": 240}, {"model": "portal_admin.facetvalue", "fields": {"value": "Anderson, William Peirce", "facet_group": 4}, "pk": 241}, {"model": "portal_admin.facetvalue", "fields": {"value": "Beman, S. S. (Solon Spencer)", "facet_group": 4}, "pk": 242}, {"model": "portal_admin.facetvalue", "fields": {"value": "Bennett, Edward H. (Edward Herbert)", "facet_group": 4}, "pk": 243}, {"model": "portal_admin.facetvalue", "fields": {"value": "Bemm, Frederick O.", "facet_group": 4}, "pk": 244}, {"model": "portal_admin.facetvalue", "fields": {"value": "Burnham, Daniel H. (Daniel Hudson)", "facet_group": 4}, "pk": 245}, {"model": "portal_admin.facetvalue", "fields": {"value": "Burnham, Hubert", "facet_group": 4}, "pk": 246}, {"model": "portal_admin.facetvalue", "fields": {"value": "Caldwell, Alfred", "facet_group": 4}, "pk": 247}, {"model": "portal_admin.facetvalue", "fields": {"value": "Carter, Jimmy", "facet_group": 4}, "pk": 248}, {"model": "portal_admin.facetvalue", "fields": {"value": "Cobb, Henry Ives", "facet_group": 4}, "pk": 249}, {"model": "portal_admin.facetvalue", "fields": {"value": "Daboll, Richard J.", "facet_group": 4}, "pk": 250}, {"model": "portal_admin.facetvalue", "fields": {"value": "Daley, Richard J.", "facet_group": 4}, "pk": 251}, {"model": "portal_admin.facetvalue", "fields": {"value": "Debs, Eugene V. (Eugene Victor)", "facet_group": 4}, "pk": 252}, {"model": "portal_admin.facetvalue", "fields": {"value": "Douglas, Paul H. (Paul Howard)", "facet_group": 4}, "pk": 253}, {"model": "portal_admin.facetvalue", "fields": {"value": "Douglas, Stephen A. (Stephen Arnold)", "facet_group": 4}, "pk": 254}, {"model": "portal_admin.facetvalue", "fields": {"value": "Dover, William Emmett", "facet_group": 4}, "pk": 255}, {"model": "portal_admin.facetvalue", "fields": {"value": "Field, Marshall", "facet_group": 4}, "pk": 256}, {"model": "portal_admin.facetvalue", "fields": {"value": "Gorecki, Victor", "facet_group": 4}, "pk": 257}, {"model": "portal_admin.facetvalue", "fields": {"value": "Graham, Anderson", "facet_group": 4}, "pk": 258}, {"model": "portal_admin.facetvalue", "fields": {"value": "Griffin, Walter Burley", "facet_group": 4}, "pk": 259}, {"model": "portal_admin.facetvalue", "fields": {"value": "Harrison, Carter H. (Carter Henry)", "facet_group": 4}, "pk": 260}, {"model": "portal_admin.facetvalue", "fields": {"value": "Haskins, Sylvia Shaw Judson", "facet_group": 4}, "pk": 261}, {"model": "portal_admin.facetvalue", "fields": {"value": "Hoover, Herbert", "facet_group": 4}, "pk": 262}, {"model": "portal_admin.facetvalue", "fields": {"value": "Iannelli, Alfonso", "facet_group": 4}, "pk": 263}, {"model": "portal_admin.facetvalue", "fields": {"value": "Kirkland, Wallace", "facet_group": 4}, "pk": 264}, {"model": "portal_admin.facetvalue", "fields": {"value": "Leopold, Nathan Freudenthal", "facet_group": 4}, "pk": 265}, {"model": "portal_admin.facetvalue", "fields": {"value": "Levy, Albert", "facet_group": 4}, "pk": 266}, {"model": "portal_admin.facetvalue", "fields": {"value": "Lincoln, Abraham", "facet_group": 4}, "pk": 267}, {"model": "portal_admin.facetvalue", "fields": {"value": "Mandel, Leon", "facet_group": 4}, "pk": 268}, {"model": "portal_admin.facetvalue", "fields": {"value": "McCutcheon, John T. (John Tinney)", "facet_group": 4}, "pk": 269}, {"model": "portal_admin.facetvalue", "fields": {"value": "McNally, Andrew", "facet_group": 4}, "pk": 270}, {"model": "portal_admin.facetvalue", "fields": {"value": "Mies van der Rohe, Ludwig", "facet_group": 4}, "pk": 271}, {"model": "portal_admin.facetvalue", "fields": {"value": "Monroe, Harriet", "facet_group": 4}, "pk": 272}, {"model": "portal_admin.facetvalue", "fields": {"value": "Nickel, Richard", "facet_group": 4}, "pk": 273}, {"model": "portal_admin.facetvalue", "fields": {"value": "Nixon, Richard M. (Richard Milhous)", "facet_group": 4}, "pk": 274}, {"model": "portal_admin.facetvalue", "fields": {"value": "Page, Roth", "facet_group": 4}, "pk": 275}, {"model": "portal_admin.facetvalue", "fields": {"value": "Palmer, Potter", "facet_group": 4}, "pk": 276}, {"model": "portal_admin.facetvalue", "fields": {"value": "Perkins, Dwight H. (Dwight Heald)", "facet_group": 4}, "pk": 277}, {"model": "portal_admin.facetvalue", "fields": {"value": "Pullman, George Mortimer", "facet_group": 4}, "pk": 278}, {"model": "portal_admin.facetvalue", "fields": {"value": "Rockefeller, John D.", "facet_group": 4}, "pk": 279}, {"model": "portal_admin.facetvalue", "fields": {"value": "Root, John Wellborn", "facet_group": 4}, "pk": 280}, {"model": "portal_admin.facetvalue", "fields": {"value": "Roosevelt, Franklin D. (Franklin Delano)", "facet_group": 4}, "pk": 281}, {"model": "portal_admin.facetvalue", "fields": {"value": "Schmidt, Richard E. (Richard Ernest)", "facet_group": 4}, "pk": 282}, {"model": "portal_admin.facetvalue", "fields": {"value": "Shaw, Howard van doren", "facet_group": 4}, "pk": 283}, {"model": "portal_admin.facetvalue", "fields": {"value": "Speyer, A. James", "facet_group": 4}, "pk": 284}, {"model": "portal_admin.facetvalue", "fields": {"value": "Sullivan, Louis H.", "facet_group": 4}, "pk": 285}, {"model": "portal_admin.facetvalue", "fields": {"value": "Tree, Lambert", "facet_group": 4}, "pk": 286}, {"model": "portal_admin.facetvalue", "fields": {"value": "Taft, Lorado", "facet_group": 4}, "pk": 287}, {"model": "portal_admin.facetvalue", "fields": {"value": "Thomas, Theodore", "facet_group": 4}, "pk": 288}, {"model": "portal_admin.facetvalue", "fields": {"value": "Washington, George", "facet_group": 4}, "pk": 289}, {"model": "portal_admin.facetvalue", "fields": {"value": "Washington, Harold", "facet_group": 4}, "pk": 290}, {"model": "portal_admin.facetvalue", "fields": {"value": "Weese, Harry", "facet_group": 4}, "pk": 291}, {"model": "portal_admin.facetvalue", "fields": {"value": "Wright, Frank Lloyd", "facet_group": 4}, "pk": 292}, {"model": "portal_admin.facetvalue", "fields": {"value": "CC BY", "facet_group": 5}, "pk": 293}, {"model": "portal_admin.facetvalue", "fields": {"value": "CC BY-ND", "facet_group": 5}, "pk": 294}, {"model": "portal_admin.facetvalue", "fields": {"value": "CC BY-NC-SA", "facet_group": 5}, "pk": 295}, {"model": "portal_admin.facetvalue", "fields": {"value": "CC BY-SA", "facet_group": 5}, "pk": 296}, {"model": "portal_admin.facetvalue", "fields": {"value": "CC BY-NC", "facet_group": 5}, "pk": 297}, {"model": "portal_admin.facetvalue", "fields": {"value": "CC BY-NC-ND", "facet_group": 4}, "pk": 298}, {"model": "portal_admin.matchtype", "fields": {"query": "startswith"}, "pk": 1}, {"model": "portal_admin.matchtype", "fields": {"query": "contains"}, "pk": 2}, {"model": "portal_admin.matchtype", "fields": {"query": "exact"}, "pk": 3}, {"model": "portal_admin.triggerterm", "fields": {"term": "South Side Community Art Center", "dcxml_format": 17, "context": 1, "facet_value": 1, "is_active": true, "match_type": 3}, "pk": 1}, {"model": "portal_admin.triggerterm", "fields": {"term": "Photography", "dcxml_format": 16, "context": 1, "facet_value": 2, "is_active": true, "match_type": 3}, "pk": 4}, {"model": "portal_admin.triggerterm", "fields": {"term": "Chicago", "dcxml_format": 15, "context": 1, "facet_value": 3, "is_active": true, "match_type": 2}, "pk": 5}, {"model": "portal_admin.triggerterm", "fields": {"term": "Chicago", "dcxml_format": 16, "context": 1, "facet_value": 3, "is_active": true, "match_type": 2}, "pk": 6}, {"model": "portal_admin.triggerterm", "fields": {"term": "Art", "dcxml_format": 16, "context": 1, "facet_value": 4, "is_active": true, "match_type": 3}, "pk": 7}, {"model": "portal_admin.triggerterm", "fields": {"term": "Faggi, Alfeo", "dcxml_format": 17, "context": 1, "facet_value": 5, "is_active": true, "match_type": 3}, "pk": 8}, {"model": "portal_admin.triggerterm", "fields": {"term": "Architect", "dcxml_format": 16, "context": 1, "facet_value": 6, "is_active": true, "match_type": 2}, "pk": 10}, {"model": "portal_admin.triggerterm", "fields": {"term": "Century of Progress", "dcxml_format": 16, "context": 1, "facet_value": 7, "is_active": true, "match_type": 3}, "pk": 11}, {"model": "portal_admin.triggerterm", "fields": {"term": "Tallmadge, Thomas E. (Thomas Eddy)", "dcxml_format": 17, "context": 1, "facet_value": 8, "is_active": true, "match_type": 3}, "pk": 12}, {"model": "portal_admin.triggerterm", "fields": {"term": "Chinatown", "dcxml_format": 15, "context": 1, "facet_value": 127, "is_active": true, "match_type": 3}, "pk": 13}, {"model": "portal_admin.triggerterm", "fields": {"term": "Armour Square", "dcxml_format": 15, "context": 1, "facet_value": 127, "is_active": true, "match_type": 3}, "pk": 14}, {"model": "portal_admin.triggerterm", "fields": {"term": "Albany Park", "dcxml_format": 15, "context": 1, "facet_value": 125, "is_active": true, "match_type": 3}, "pk": 15}, {"model": "portal_admin.triggerterm", "fields": {"term": "Archer Heights", "dcxml_format": 15, "context": 1, "facet_value": 126, "is_active": true, "match_type": 3}, "pk": 16}, {"model": "portal_admin.triggerterm", "fields": {"term": "Ashburn", "dcxml_format": 15, "context": 1, "facet_value": 128, "is_active": true, "match_type": 3}, "pk": 17}, {"model": "portal_admin.triggerterm", "fields": {"term": "Auburn Gresham", "dcxml_format": 15, "context": 1, "facet_value": 129, "is_active": true, "match_type": 3}, "pk": 18}, {"model": "portal_admin.triggerterm", "fields": {"term": "Austin", "dcxml_format": 15, "context": 1, "facet_value": 130, "is_active": true, "match_type": 3}, "pk": 19}, {"model": "portal_admin.triggerterm", "fields": {"term": "Avalon Park", "dcxml_format": 15, "context": 1, "facet_value": 131, "is_active": true, "match_type": 3}, "pk": 20}, {"model": "portal_admin.triggerterm", "fields": {"term": "Avondale", "dcxml_format": 15, "context": 1, "facet_value": 132, "is_active": true, "match_type": 3}, "pk": 21}, {"model": "portal_admin.triggerterm", "fields": {"term": "Belmont Cragin", "dcxml_format": 15, "context": 1, "facet_value": 133, "is_active": true, "match_type": 3}, "pk": 22}, {"model": "portal_admin.triggerterm", "fields": {"term": "Beverly", "dcxml_format": 15, "context": 1, "facet_value": 134, "is_active": true, "match_type": 3}, "pk": 23}, {"model": "portal_admin.triggerterm", "fields": {"term": "Bridgeport", "dcxml_format": 15, "context": 1, "facet_value": 135, "is_active": true, "match_type": 3}, "pk": 24}, {"model": "portal_admin.triggerterm", "fields": {"term": "Brighton Park", "dcxml_format": 15, "context": 1, "facet_value": 136, "is_active": true, "match_type": 3}, "pk": 25}, {"model": "portal_admin.triggerterm", "fields": {"term": "Burnside", "dcxml_format": 15, "context": 1, "facet_value": 137, "is_active": true, "match_type": 3}, "pk": 26}, {"model": "portal_admin.triggerterm", "fields": {"term": "Calumet Heights", "dcxml_format": 15, "context": 1, "facet_value": 138, "is_active": true, "match_type": 3}, "pk": 27}, {"model": "portal_admin.triggerterm", "fields": {"term": "Chatham", "dcxml_format": 15, "context": 1, "facet_value": 139, "is_active": true, "match_type": 3}, "pk": 28}, {"model": "portal_admin.triggerterm", "fields": {"term": "Chicago Lawn", "dcxml_format": 15, "context": 1, "facet_value": 140, "is_active": true, "match_type": 3}, "pk": 29}, {"model": "portal_admin.triggerterm", "fields": {"term": "Clearing", "dcxml_format": 15, "context": 1, "facet_value": 141, "is_active": true, "match_type": 3}, "pk": 30}, {"model": "portal_admin.triggerterm", "fields": {"term": "Douglas", "dcxml_format": 15, "context": 1, "facet_value": 142, "is_active": true, "match_type": 3}, "pk": 31}, {"model": "portal_admin.triggerterm", "fields": {"term": "Dunning", "dcxml_format": 15, "context": 1, "facet_value": 143, "is_active": true, "match_type": 3}, "pk": 32}, {"model": "portal_admin.triggerterm", "fields": {"term": "East Garfield Park", "dcxml_format": 15, "context": 1, "facet_value": 144, "is_active": true, "match_type": 3}, "pk": 33}, {"model": "portal_admin.triggerterm", "fields": {"term": "East Side", "dcxml_format": 15, "context": 1, "facet_value": 145, "is_active": true, "match_type": 3}, "pk": 34}, {"model": "portal_admin.triggerterm", "fields": {"term": "Edgewater", "dcxml_format": 15, "context": 1, "facet_value": 146, "is_active": true, "match_type": 3}, "pk": 35}, {"model": "portal_admin.triggerterm", "fields": {"term": "Andersonville", "dcxml_format": 15, "context": 1, "facet_value": 146, "is_active": true, "match_type": 3}, "pk": 36}, {"model": "portal_admin.triggerterm", "fields": {"term": "Lakewood Balmoral", "dcxml_format": 14, "context": 1, "facet_value": 146, "is_active": true, "match_type": 3}, "pk": 37}, {"model": "portal_admin.triggerterm", "fields": {"term": "Edison Park", "dcxml_format": 15, "context": 1, "facet_value": 147, "is_active": true, "match_type": 3}, "pk": 38}, {"model": "portal_admin.triggerterm", "fields": {"term": "Englewood", "dcxml_format": 14, "context": 1, "facet_value": 148, "is_active": true, "match_type": 3}, "pk": 39}, {"model": "portal_admin.triggerterm", "fields": {"term": "Forest Glen", "dcxml_format": 15, "context": 1, "facet_value": 149, "is_active": true, "match_type": 3}, "pk": 40}, {"model": "portal_admin.triggerterm", "fields": {"term": "Fuller Park", "dcxml_format": 14, "context": 1, "facet_value": 150, "is_active": true, "match_type": 3}, "pk": 41}, {"model": "portal_admin.triggerterm", "fields": {"term": "Gage Park", "dcxml_format": 15, "context": 1, "facet_value": 151, "is_active": true, "match_type": 3}, "pk": 42}, {"model": "portal_admin.triggerterm", "fields": {"term": "Garfield Ridge", "dcxml_format": 14, "context": 1, "facet_value": 152, "is_active": true, "match_type": 3}, "pk": 43}, {"model": "portal_admin.triggerterm", "fields": {"term": "Grand Boulevard", "dcxml_format": 15, "context": 1, "facet_value": 153, "is_active": true, "match_type": 3}, "pk": 44}, {"model": "portal_admin.triggerterm", "fields": {"term": "Greater Grand Crossing", "dcxml_format": 15, "context": 1, "facet_value": 154, "is_active": true, "match_type": 3}, "pk": 45}, {"model": "portal_admin.triggerterm", "fields": {"term": "Hegewisch", "dcxml_format": 15, "context": 1, "facet_value": 155, "is_active": true, "match_type": 3}, "pk": 46}, {"model": "portal_admin.triggerterm", "fields": {"term": "Hermosa", "dcxml_format": 15, "context": 1, "facet_value": 156, "is_active": true, "match_type": 3}, "pk": 47}, {"model": "portal_admin.triggerterm", "fields": {"term": "Humboldt Park", "dcxml_format": 15, "context": 1, "facet_value": 157, "is_active": true, "match_type": 3}, "pk": 48}, {"model": "portal_admin.triggerterm", "fields": {"term": "Hyde Park", "dcxml_format": 14, "context": 1, "facet_value": 158, "is_active": true, "match_type": 3}, "pk": 49}, {"model": "portal_admin.triggerterm", "fields": {"term": "Irving Park", "dcxml_format": 15, "context": 1, "facet_value": 159, "is_active": true, "match_type": 3}, "pk": 50}, {"model": "portal_admin.triggerterm", "fields": {"term": "Jefferson Park", "dcxml_format": 15, "context": 1, "facet_value": 160, "is_active": true, "match_type": 3}, "pk": 51}, {"model": "portal_admin.triggerterm", "fields": {"term": "Jeffrey Manor", "dcxml_format": 15, "context": 1, "facet_value": 161, "is_active": true, "match_type": 3}, "pk": 52}, {"model": "portal_admin.triggerterm", "fields": {"term": "Kenwood", "dcxml_format": 15, "context": 1, "facet_value": 162, "is_active": true, "match_type": 3}, "pk": 53}, {"model": "portal_admin.triggerterm", "fields": {"term": "Lake View", "dcxml_format": 15, "context": 1, "facet_value": 163, "is_active": true, "match_type": 3}, "pk": 54}, {"model": "portal_admin.triggerterm", "fields": {"term": "Lakeview", "dcxml_format": 15, "context": 1, "facet_value": 163, "is_active": true, "match_type": 3}, "pk": 55}, {"model": "portal_admin.triggerterm", "fields": {"term": "Lincoln Park", "dcxml_format": 14, "context": 1, "facet_value": 164, "is_active": true, "match_type": 3}, "pk": 56}, {"model": "portal_admin.triggerterm", "fields": {"term": "Lincoln Square", "dcxml_format": 15, "context": 1, "facet_value": 165, "is_active": true, "match_type": 3}, "pk": 57}, {"model": "portal_admin.triggerterm", "fields": {"term": "Logan Square", "dcxml_format": 15, "context": 1, "facet_value": 166, "is_active": true, "match_type": 3}, "pk": 58}, {"model": "portal_admin.triggerterm", "fields": {"term": "Loop", "dcxml_format": 15, "context": 1, "facet_value": 167, "is_active": true, "match_type": 3}, "pk": 59}, {"model": "portal_admin.triggerterm", "fields": {"term": "Lower West Side", "dcxml_format": 15, "context": 1, "facet_value": 168, "is_active": true, "match_type": 3}, "pk": 60}, {"model": "portal_admin.triggerterm", "fields": {"term": "McKinley Park", "dcxml_format": 15, "context": 1, "facet_value": 169, "is_active": true, "match_type": 3}, "pk": 61}, {"model": "portal_admin.triggerterm", "fields": {"term": "Montclare", "dcxml_format": 15, "context": 1, "facet_value": 170, "is_active": true, "match_type": 3}, "pk": 62}, {"model": "portal_admin.triggerterm", "fields": {"term": "Morgan Park", "dcxml_format": 15, "context": 1, "facet_value": 171, "is_active": true, "match_type": 3}, "pk": 63}, {"model": "portal_admin.triggerterm", "fields": {"term": "Mount Greenwood", "dcxml_format": 15, "context": 1, "facet_value": 172, "is_active": true, "match_type": 3}, "pk": 64}, {"model": "portal_admin.triggerterm", "fields": {"term": "Near North Side", "dcxml_format": 15, "context": 1, "facet_value": 173, "is_active": true, "match_type": 3}, "pk": 65}, {"model": "portal_admin.triggerterm", "fields": {"term": "Near South Side", "dcxml_format": 15, "context": 1, "facet_value": 174, "is_active": true, "match_type": 3}, "pk": 66}, {"model": "portal_admin.triggerterm", "fields": {"term": "Near West Side", "dcxml_format": 15, "context": 1, "facet_value": 175, "is_active": true, "match_type": 3}, "pk": 67}, {"model": "portal_admin.triggerterm", "fields": {"term": "New City", "dcxml_format": 15, "context": 1, "facet_value": 176, "is_active": true, "match_type": 3}, "pk": 68}, {"model": "portal_admin.triggerterm", "fields": {"term": "North Center", "dcxml_format": 15, "context": 1, "facet_value": 177, "is_active": true, "match_type": 3}, "pk": 69}, {"model": "portal_admin.triggerterm", "fields": {"term": "North Lawndale", "dcxml_format": 15, "context": 1, "facet_value": 178, "is_active": true, "match_type": 3}, "pk": 70}, {"model": "portal_admin.triggerterm", "fields": {"term": "North Park", "dcxml_format": 14, "context": 1, "facet_value": 179, "is_active": true, "match_type": 3}, "pk": 71}, {"model": "portal_admin.triggerterm", "fields": {"term": "Norwood Park", "dcxml_format": 15, "context": 1, "facet_value": 180, "is_active": true, "match_type": 3}, "pk": 72}, {"model": "portal_admin.triggerterm", "fields": {"term": "O'Hare", "dcxml_format": 15, "context": 1, "facet_value": 181, "is_active": true, "match_type": 3}, "pk": 73}, {"model": "portal_admin.triggerterm", "fields": {"term": "Oakland", "dcxml_format": 15, "context": 1, "facet_value": 182, "is_active": true, "match_type": 3}, "pk": 74}, {"model": "portal_admin.triggerterm", "fields": {"term": "Portage Park", "dcxml_format": 15, "context": 1, "facet_value": 183, "is_active": true, "match_type": 3}, "pk": 75}, {"model": "portal_admin.triggerterm", "fields": {"term": "Pullman", "dcxml_format": 15, "context": 1, "facet_value": 184, "is_active": true, "match_type": 3}, "pk": 76}, {"model": "portal_admin.triggerterm", "fields": {"term": "Riverdale", "dcxml_format": 15, "context": 1, "facet_value": 185, "is_active": true, "match_type": 3}, "pk": 77}, {"model": "portal_admin.triggerterm", "fields": {"term": "Rogers Park", "dcxml_format": 15, "context": 1, "facet_value": 186, "is_active": true, "match_type": 3}, "pk": 78}, {"model": "portal_admin.triggerterm", "fields": {"term": "Roseland", "dcxml_format": 15, "context": 1, "facet_value": 187, "is_active": true, "match_type": 3}, "pk": 79}, {"model": "portal_admin.triggerterm", "fields": {"term": "South Chicago", "dcxml_format": 15, "context": 1, "facet_value": 188, "is_active": true, "match_type": 3}, "pk": 80}, {"model": "portal_admin.triggerterm", "fields": {"term": "South Shore", "dcxml_format": 15, "context": 1, "facet_value": 189, "is_active": true, "match_type": 3}, "pk": 81}, {"model": "portal_admin.triggerterm", "fields": {"term": "Uptown", "dcxml_format": 15, "context": 1, "facet_value": 190, "is_active": true, "match_type": 3}, "pk": 82}, {"model": "portal_admin.triggerterm", "fields": {"term": "Washington Heights", "dcxml_format": 15, "context": 1, "facet_value": 191, "is_active": true, "match_type": 3}, "pk": 83}, {"model": "portal_admin.triggerterm", "fields": {"term": "Washington Park", "dcxml_format": 15, "context": 1, "facet_value": 192, "is_active": true, "match_type": 3}, "pk": 84}, {"model": "portal_admin.triggerterm", "fields": {"term": "West Elsdon", "dcxml_format": 15, "context": 1, "facet_value": 193, "is_active": true, "match_type": 3}, "pk": 85}, {"model": "portal_admin.triggerterm", "fields": {"term": "West Englewood", "dcxml_format": 15, "context": 1, "facet_value": 194, "is_active": true, "match_type": 3}, "pk": 86}, {"model": "portal_admin.triggerterm", "fields": {"term": "West Garfield Park", "dcxml_format": 15, "context": 1, "facet_value": 195, "is_active": true, "match_type": 3}, "pk": 87}, {"model": "portal_admin.triggerterm", "fields": {"term": "West Lawn", "dcxml_format": 15, "context": 1, "facet_value": 196, "is_active": true, "match_type": 3}, "pk": 88}, {"model": "portal_admin.triggerterm", "fields": {"term": "West Pullman", "dcxml_format": 15, "context": 1, "facet_value": 197, "is_active": true, "match_type": 3}, "pk": 89}, {"model": "portal_admin.triggerterm", "fields": {"term": "West Ridge", "dcxml_format": 15, "context": 1, "facet_value": 198, "is_active": true, "match_type": 3}, "pk": 90}, {"model": "portal_admin.triggerterm", "fields": {"term": "West Town", "dcxml_format": 15, "context": 1, "facet_value": 199, "is_active": true, "match_type": 3}, "pk": 91}, {"model": "portal_admin.triggerterm", "fields": {"term": "Woodlawn", "dcxml_format": 15, "context": 1, "facet_value": 200, "is_active": true, "match_type": 3}, "pk": 92}, {"model": "portal_admin.triggerterm", "fields": {"term": "Galewood", "dcxml_format": 15, "context": 1, "facet_value": 130, "is_active": true, "match_type": 3}, "pk": 93}, {"model": "portal_admin.triggerterm", "fields": {"term": "Schorsch Village ", "dcxml_format": 15, "context": 1, "facet_value": 143, "is_active": true, "match_type": 3}, "pk": 94}, {"model": "portal_admin.triggerterm", "fields": {"term": "Canfield", "dcxml_format": 15, "context": 1, "facet_value": 147, "is_active": true, "match_type": 3}, "pk": 95}, {"model": "portal_admin.triggerterm", "fields": {"term": "Edgebrook", "dcxml_format": 15, "context": 1, "facet_value": 149, "is_active": true, "match_type": 3}, "pk": 96}, {"model": "portal_admin.triggerterm", "fields": {"term": "Pennytown", "dcxml_format": 15, "context": 1, "facet_value": 131, "is_active": true, "match_type": 3}, "pk": 97}, {"model": "portal_admin.triggerterm", "fields": {"term": "Stony Island", "dcxml_format": 15, "context": 1, "facet_value": 137, "is_active": true, "match_type": 3}, "pk": 98}, {"model": "portal_admin.triggerterm", "fields": {"term": "Mud Lake", "dcxml_format": 15, "context": 1, "facet_value": 139, "is_active": true, "match_type": 3}, "pk": 99}, {"model": "portal_admin.triggerterm", "fields": {"term": "Hogs Swamp", "dcxml_format": 15, "context": 1, "facet_value": 139, "is_active": true, "match_type": 3}, "pk": 100}, {"model": "portal_admin.triggerterm", "fields": {"term": "Marquette Park", "dcxml_format": 14, "context": 1, "facet_value": 140, "is_active": true, "match_type": 3}, "pk": 101}, {"model": "portal_admin.triggerterm", "fields": {"term": "Lithuanian Gold Coast ", "dcxml_format": 15, "context": 1, "facet_value": 140, "is_active": true, "match_type": 3}, "pk": 102}, {"model": "portal_admin.triggerterm", "fields": {"term": "Ridgelawn", "dcxml_format": 15, "context": 1, "facet_value": 147, "is_active": true, "match_type": 3}, "pk": 103}, {"model": "portal_admin.triggerterm", "fields": {"term": "Junction Grove", "dcxml_format": 15, "context": 1, "facet_value": 148, "is_active": true, "match_type": 3}, "pk": 104}, {"model": "portal_admin.triggerterm", "fields": {"term": "Archer Limits", "dcxml_format": 15, "context": 1, "facet_value": 152, "is_active": true, "match_type": 3}, "pk": 105}, {"model": "portal_admin.triggerterm", "fields": {"term": "Forrestville", "dcxml_format": 15, "context": 1, "facet_value": 153, "is_active": true, "match_type": 3}, "pk": 106}, {"model": "portal_admin.triggerterm", "fields": {"term": "Kelvyn Grove", "dcxml_format": 15, "context": 1, "facet_value": 156, "is_active": true, "match_type": 3}, "pk": 107}, {"model": "portal_admin.triggerterm", "fields": {"term": "Ravenswood", "dcxml_format": 14, "context": 1, "facet_value": 165, "is_active": true, "match_type": 3}, "pk": 108}, {"model": "portal_admin.triggerterm", "fields": {"term": "Canalport", "dcxml_format": 15, "context": 1, "facet_value": 169, "is_active": true, "match_type": 3}, "pk": 109}, {"model": "portal_admin.triggerterm", "fields": {"term": "Cleaverville", "dcxml_format": 15, "context": 1, "facet_value": 182, "is_active": true, "match_type": 3}, "pk": 110}, {"model": "portal_admin.triggerterm", "fields": {"term": "Buena Park", "dcxml_format": 15, "context": 1, "facet_value": 190, "is_active": true, "match_type": 3}, "pk": 111}, {"model": "portal_admin.triggerterm", "fields": {"term": "Sheridan Park", "dcxml_format": 15, "context": 1, "facet_value": 190, "is_active": true, "match_type": 3}, "pk": 112}, {"model": "portal_admin.triggerterm", "fields": {"term": "Fernwood", "dcxml_format": 15, "context": 1, "facet_value": 187, "is_active": true, "match_type": 3}, "pk": 113}, {"model": "portal_admin.triggerterm", "fields": {"term": "Oriole Park", "dcxml_format": 15, "context": 1, "facet_value": 180, "is_active": true, "match_type": 3}, "pk": 114}, {"model": "portal_admin.triggerterm", "fields": {"term": "Union Ridge", "dcxml_format": 15, "context": 1, "facet_value": 180, "is_active": true, "match_type": 3}, "pk": 115}, {"model": "portal_admin.triggerterm", "fields": {"term": "Back of the Yards", "dcxml_format": 15, "context": 1, "facet_value": 176, "is_active": true, "match_type": 3}, "pk": 116}, {"model": "portal_admin.triggerterm", "fields": {"term": "Mayfair", "dcxml_format": 15, "context": 1, "facet_value": 125, "is_active": true, "match_type": 3}, "pk": 117}, {"model": "portal_admin.triggerterm", "fields": {"term": "Wentworth Gardens", "dcxml_format": 15, "context": 1, "facet_value": 127, "is_active": true, "match_type": 3}, "pk": 118}, {"model": "portal_admin.triggerterm", "fields": {"term": "Advertising", "dcxml_format": 16, "context": 1, "facet_value": 201, "is_active": true, "match_type": 3}, "pk": 119}, {"model": "portal_admin.triggerterm", "fields": {"term": "Publicity", "dcxml_format": 16, "context": 1, "facet_value": 201, "is_active": true, "match_type": 3}, "pk": 120}, {"model": "portal_admin.triggerterm", "fields": {"term": "Anthropology", "dcxml_format": 16, "context": 1, "facet_value": 202, "is_active": true, "match_type": 3}, "pk": 121}, {"model": "portal_admin.triggerterm", "fields": {"term": "Broadcasting", "dcxml_format": 16, "context": 1, "facet_value": 203, "is_active": true, "match_type": 3}, "pk": 122}, {"model": "portal_admin.triggerterm", "fields": {"term": "Business", "dcxml_format": 16, "context": 1, "facet_value": 204, "is_active": true, "match_type": 3}, "pk": 123}, {"model": "portal_admin.triggerterm", "fields": {"term": "Industry", "dcxml_format": 16, "context": 1, "facet_value": 204, "is_active": true, "match_type": 3}, "pk": 124}, {"model": "portal_admin.triggerterm", "fields": {"term": "Club", "dcxml_format": 16, "context": 1, "facet_value": 205, "is_active": true, "match_type": 3}, "pk": 125}, {"model": "portal_admin.triggerterm", "fields": {"term": "Organization", "dcxml_format": 16, "context": 1, "facet_value": 205, "is_active": true, "match_type": 3}, "pk": 126}, {"model": "portal_admin.triggerterm", "fields": {"term": "Child", "dcxml_format": 16, "context": 1, "facet_value": 206, "is_active": true, "match_type": 2}, "pk": 127}, {"model": "portal_admin.triggerterm", "fields": {"term": "Teen", "dcxml_format": 16, "context": 1, "facet_value": 206, "is_active": true, "match_type": 2}, "pk": 128}, {"model": "portal_admin.triggerterm", "fields": {"term": "City Planning", "dcxml_format": 16, "context": 1, "facet_value": 207, "is_active": true, "match_type": 3}, "pk": 129}, {"model": "portal_admin.triggerterm", "fields": {"term": "Civil Planning", "dcxml_format": 16, "context": 1, "facet_value": 208, "is_active": true, "match_type": 3}, "pk": 130}, {"model": "portal_admin.triggerterm", "fields": {"term": "Civil Engineering", "dcxml_format": 16, "context": 1, "facet_value": 209, "is_active": true, "match_type": 3}, "pk": 131}, {"model": "portal_admin.triggerterm", "fields": {"term": "Crime", "dcxml_format": 16, "context": 1, "facet_value": 210, "is_active": true, "match_type": 2}, "pk": 132}, {"model": "portal_admin.triggerterm", "fields": {"term": "Design", "dcxml_format": 16, "context": 1, "facet_value": 211, "is_active": true, "match_type": 3}, "pk": 133}, {"model": "portal_admin.triggerterm", "fields": {"term": "Disaster", "dcxml_format": 16, "context": 1, "facet_value": 212, "is_active": true, "match_type": 3}, "pk": 134}, {"model": "portal_admin.triggerterm", "fields": {"term": "Ecology", "dcxml_format": 16, "context": 1, "facet_value": 213, "is_active": true, "match_type": 3}, "pk": 135}, {"model": "portal_admin.triggerterm", "fields": {"term": "Government", "dcxml_format": 16, "context": 1, "facet_value": 213, "is_active": true, "match_type": 3}, "pk": 136}, {"model": "portal_admin.triggerterm", "fields": {"term": "Education", "dcxml_format": 16, "context": 1, "facet_value": 214, "is_active": true, "match_type": 3}, "pk": 137}, {"model": "portal_admin.triggerterm", "fields": {"term": "Entertainment", "dcxml_format": 16, "context": 1, "facet_value": 215, "is_active": true, "match_type": 3}, "pk": 138}, {"model": "portal_admin.triggerterm", "fields": {"term": "Popular Culture", "dcxml_format": 16, "context": 1, "facet_value": 215, "is_active": true, "match_type": 3}, "pk": 139}, {"model": "portal_admin.triggerterm", "fields": {"term": "Ethnic", "dcxml_format": 16, "context": 1, "facet_value": 216, "is_active": true, "match_type": 3}, "pk": 140}, {"model": "portal_admin.triggerterm", "fields": {"term": "Fair", "dcxml_format": 16, "context": 1, "facet_value": 7, "is_active": true, "match_type": 3}, "pk": 141}, {"model": "portal_admin.triggerterm", "fields": {"term": "Convention", "dcxml_format": 16, "context": 1, "facet_value": 7, "is_active": true, "match_type": 3}, "pk": 142}, {"model": "portal_admin.triggerterm", "fields": {"term": "Family", "dcxml_format": 16, "context": 1, "facet_value": 217, "is_active": true, "match_type": 3}, "pk": 143}, {"model": "portal_admin.triggerterm", "fields": {"term": "Gender", "dcxml_format": 16, "context": 1, "facet_value": 218, "is_active": true, "match_type": 3}, "pk": 144}, {"model": "portal_admin.triggerterm", "fields": {"term": "Sexuality", "dcxml_format": 15, "context": 1, "facet_value": 218, "is_active": true, "match_type": 3}, "pk": 145}, {"model": "portal_admin.triggerterm", "fields": {"term": "Journalism", "dcxml_format": 16, "context": 1, "facet_value": 9, "is_active": true, "match_type": 3}, "pk": 146}, {"model": "portal_admin.triggerterm", "fields": {"term": "Law", "dcxml_format": 16, "context": 1, "facet_value": 219, "is_active": true, "match_type": 3}, "pk": 147}, {"model": "portal_admin.triggerterm", "fields": {"term": "Literature", "dcxml_format": 16, "context": 1, "facet_value": 220, "is_active": true, "match_type": 3}, "pk": 148}, {"model": "portal_admin.triggerterm", "fields": {"term": "Poetry", "dcxml_format": 16, "context": 1, "facet_value": 220, "is_active": true, "match_type": 3}, "pk": 149}, {"model": "portal_admin.triggerterm", "fields": {"term": "Medicine", "dcxml_format": 16, "context": 1, "facet_value": 221, "is_active": true, "match_type": 3}, "pk": 150}, {"model": "portal_admin.triggerterm", "fields": {"term": "Health", "dcxml_format": 16, "context": 1, "facet_value": 221, "is_active": true, "match_type": 3}, "pk": 151}, {"model": "portal_admin.triggerterm", "fields": {"term": "Military", "dcxml_format": 16, "context": 1, "facet_value": 222, "is_active": true, "match_type": 3}, "pk": 152}, {"model": "portal_admin.triggerterm", "fields": {"term": "War", "dcxml_format": 16, "context": 1, "facet_value": 222, "is_active": true, "match_type": 3}, "pk": 153}, {"model": "portal_admin.triggerterm", "fields": {"term": "Music", "dcxml_format": 16, "context": 1, "facet_value": 223, "is_active": true, "match_type": 3}, "pk": 154}, {"model": "portal_admin.triggerterm", "fields": {"term": "Philanthropy", "dcxml_format": 16, "context": 1, "facet_value": 224, "is_active": true, "match_type": 3}, "pk": 155}, {"model": "portal_admin.triggerterm", "fields": {"term": "Police", "dcxml_format": 16, "context": 1, "facet_value": 226, "is_active": true, "match_type": 3}, "pk": 156}, {"model": "portal_admin.triggerterm", "fields": {"term": "Firefighter", "dcxml_format": 16, "context": 1, "facet_value": 226, "is_active": true, "match_type": 3}, "pk": 157}, {"model": "portal_admin.triggerterm", "fields": {"term": "Politic", "dcxml_format": 16, "context": 1, "facet_value": 227, "is_active": true, "match_type": 2}, "pk": 158}, {"model": "portal_admin.triggerterm", "fields": {"term": "Printing", "dcxml_format": 16, "context": 1, "facet_value": 228, "is_active": true, "match_type": 3}, "pk": 159}, {"model": "portal_admin.triggerterm", "fields": {"term": "Religion", "dcxml_format": 16, "context": 1, "facet_value": 229, "is_active": true, "match_type": 3}, "pk": 160}, {"model": "portal_admin.triggerterm", "fields": {"term": "Science", "dcxml_format": 16, "context": 1, "facet_value": 230, "is_active": true, "match_type": 3}, "pk": 161}, {"model": "portal_admin.triggerterm", "fields": {"term": "Technology", "dcxml_format": 16, "context": 1, "facet_value": 230, "is_active": true, "match_type": 3}, "pk": 162}, {"model": "portal_admin.triggerterm", "fields": {"term": "Social Justice", "dcxml_format": 16, "context": 1, "facet_value": 231, "is_active": true, "match_type": 3}, "pk": 163}, {"model": "portal_admin.triggerterm", "fields": {"term": "Social Service", "dcxml_format": 16, "context": 1, "facet_value": 232, "is_active": true, "match_type": 3}, "pk": 164}, {"model": "portal_admin.triggerterm", "fields": {"term": "Sport", "dcxml_format": 16, "context": 1, "facet_value": 233, "is_active": true, "match_type": 2}, "pk": 165}, {"model": "portal_admin.triggerterm", "fields": {"term": "Theater", "dcxml_format": 16, "context": 1, "facet_value": 234, "is_active": true, "match_type": 3}, "pk": 166}, {"model": "portal_admin.triggerterm", "fields": {"term": "Transportation", "dcxml_format": 16, "context": 1, "facet_value": 235, "is_active": true, "match_type": 3}, "pk": 167}, {"model": "portal_admin.triggerterm", "fields": {"term": "Tourism", "dcxml_format": 16, "context": 1, "facet_value": 236, "is_active": true, "match_type": 3}, "pk": 168}, {"model": "portal_admin.triggerterm", "fields": {"term": "Women", "dcxml_format": 16, "context": 1, "facet_value": 237, "is_active": true, "match_type": 3}, "pk": 169}, {"model": "portal_admin.triggerterm", "fields": {"term": "Photography", "dcxml_format": 18, "context": 1, "facet_value": 2, "is_active": true, "match_type": 3}, "pk": 170}, {"model": "portal_admin.triggerterm", "fields": {"term": "Addams, Jane", "dcxml_format": 17, "context": 1, "facet_value": 238, "is_active": true, "match_type": 1}, "pk": 171}]